BLSjsNQ1vc,Opaque Android Distributing,(906) 212-6044,"7 W. Fairview Road Mechanicsburg, PA 17050",CG,www.OpaqueAndroidDistributing.info
v7v1irrvkW,The Alpha Ram Distributing Company,(609) 437-3251,"44 Hilltop Street Rolla, MO 65401",BN,www.TheAlphaRamDistributingCompany.org
ir8usiBnMh,Obtuse Book Distributing,(557) 270-2866,"9444 Blackburn Lane Wenatchee, WA 98801",AO,www.ObtuseBookDistributing.biz
zFKBJytSJL,The White Fork Distributing Company,(473) 526-2338,"190 North Franklin St. West Chester, PA 19380",QA,www.TheWhiteForkDistributingCompany.com
uzgPrVFAlV,The Thin Cherry Distributing Company,(626) 428-1788,"276 Wood Road Villa Rica, GA 30180",NO,www.TheThinCherryDistributingCompany.org
At7FkrAz5m,Piping Bull Distributing,(909) 907-9264,"7254 Hickory Ave. Centreville, VA 20120",CH,www.PipingBullDistributing.net
fP3czD8LE2,The Sub-Zero Baboon Distributing Company,(731) 743-2913,"9091 Old Marshall Rd. Bethel Park, PA 15102",AZ,www.TheSub-ZeroBaboonDistributingCompany.biz
V9Hpmiwt8j,Cheerful Fork Distributing,(984) 893-2173,"8288 Oakland Lane Cambridge, MA 02138",GA,www.CheerfulForkDistributing.net
lPq8mrgwNa,The Big Lamp Distributing Company,(495) 550-2916,"3 Ridge Court Maryville, TN 37803",AL,www.TheBigLampDistributingCompany.org
a1Xzp6g1lw,Cold Fish Distributing,(889) 738-9786,"69 Bay Meadows Lane Bridgeton, NJ 08302",BA,www.ColdFishDistributing.com
4XdNKanfY1,The White Pear Warehouse Company,(676) 171-8644,"9810 Edgefield St. Natick, MA 01760",PW,www.TheWhitePearWarehouseCompany.net
5RDZWNp0Ym,The Acute Turtle Warehouse Company,(472) 901-4666,"99 Lower River Drive Mount Vernon, NY 10550",VI,www.TheAcuteTurtleWarehouseCompany.net
TpptgU7FX1,The Little Phone Warehouse Company,(240) 903-1634,"7914 Washington Dr. Harrison Township, MI 48045",TC,www.TheLittlePhoneWarehouseCompany.info
J0LCydt12J,The White Fork Warehouse Company,(648) 477-0737,"18 Sheffield Ave. Butte, MT 59701",EE,www.TheWhiteForkWarehouseCompany.info
f0rRHPYQ9Z,The White Fork Warehouse Company,(170) 966-7808,"1 Redwood Rd. Roanoke, VA 24012",FM,www.TheWhiteForkWarehouseCompany.org
c8fx7r3u46,Small Rat Warehouse,(750) 883-9845,"554 Fairfield St. Torrington, CT 06790",PT,www.SmallRatWarehouse.com
yNQBPed8il,The Transparent Carpet Warehouse Company,(235) 540-5993,"536 Pulaski Street Wakefield, MA 01880",KE,www.TheTransparentCarpetWarehouseCompany.com
0gkU23fhbT,Sub-Zero Duck Warehouse,(680) 466-5557,"7083 Green Court Pembroke Pines, FL 33028",JP,www.Sub-ZeroDuckWarehouse.net
beYPqnGi9f,Sub-Zero Lemon Warehouse,(314) 529-6957,"72 Somerset Lane Ypsilanti, MI 48197",BY,www.Sub-ZeroLemonWarehouse.org
KkhKbpyyjL,Orange Toaster Warehouse,(710) 928-4562,"600 Pennsylvania St. Deland, FL 32720",GB,www.OrangeToasterWarehouse.com
8ECOfFZSgC,The Grey Squirrel Distribution Company,(363) 925-9651,"827 Dogwood Ave. Saginaw, MI 48601",PM,www.TheGreySquirrelDistributionCompany.org
xIPIgfq4Nw,Pink Llama Distribution,(657) 115-2431,"9433 Hickory Street Tacoma, WA 98444",DE,www.PinkLlamaDistribution.net
cSKIOFw4y3,The Clear Bull Distribution Company,(312) 439-3263,"9916 Bridgeton Ave. Austin, MN 55912",SO,www.TheClearBullDistributionCompany.biz
tFn9fPsMP4,Rainy Orange Distribution,(990) 853-1486,"7377 Orchard Dr. Perrysburg, OH 43551",NZ,www.RainyOrangeDistribution.biz
We8s7hRTpS,Cloudy Penguin Distribution,(807) 223-0776,"860 Glen Ridge Rd. Whitestone, NY 11357",BA,www.CloudyPenguinDistribution.biz
ybw22cNSbR,Small Snake Distribution,(500) 258-0813,"8414 Oxford Ave. Hixson, TN 37343",DO,www.SmallSnakeDistribution.info
ouK68X0qN5,Clear Mouse Distribution,(754) 900-5736,"166 South Glenlake Dr. Garner, NC 27529",TO,www.ClearMouseDistribution.com
NzAYYvt52I,Scarf Distribution,(575) 428-9552,"52 Deerfield Lane Woodhaven, NY 11421",VN,www.ScarfDistribution.net
0mslNHYadG,The Complicated Hamster Distribution Company,(623) 174-4094,"904 Creekside St. Pottstown, PA 19464",IR,www.TheComplicatedHamsterDistributionCompany.org
dP83gpsQWL,The Grey Gecko Distribution Company,(537) 195-6068,"50 Catherine Lane Huntsville, AL 35803",CR,www.TheGreyGeckoDistributionCompany.biz
MLzleJ5V0b,Stormy Android Distribution,(825) 195-3533,"8908 Pilgrim Lane Oviedo, FL 32765",TC,www.StormyAndroidDistribution.biz
sTctOqYifF,The Acute Cat Distribution Company,(853) 555-3792,"95 Winchester Ave. Casselberry, FL 32707",UZ,www.TheAcuteCatDistributionCompany.biz
aD4TjXPcH4,Joey Distribution,(129) 632-5293,"937 Cypress Street Butte, MT 59701",MQ,www.JoeyDistribution.biz
jYAFe8xMkH,Harold and His Big Ass Warehouse,(643) 185-5584,"8223 Marconi St. Dawsonville, GA 30534",CV,www.HaroldandHisBigAssWarehouse.biz
wWfOAIZnx9,We Got A Lot Of Crap,(480) 927-3350,"8 Hillcrest St. Buford, GA 30518",AS,www.WeGotALotOfCrap.net
qXmeVuqTbV,We Hold Your Stuff,(461) 747-4486,"8247 S. Hamilton Drive Cedar Rapids, IA 52402",MS,www.WeHoldYourStuff.biz
t0zQm7cW3y,Peaceful Camel Distribution,(295) 953-3603,"30 Lawrence Street North Ridgeville, OH 44039",QA,www.PeacefulCamelDistribution.org
OlMLy3lAxu,Black Book Storage,(396) 746-3964,"8124 North Belmont Dr. Kalamazoo, MI 49009",MF,www.BlackBookStorage.org
neK7jlk7Q3,Rainy Ostrich Storage,(255) 891-4864,"8266 East Hillside Ave. Saint Louis, MO 63109",MU,www.RainyOstrichStorage.org
ovQ6putrsI,Simple Spoon Storage,(822) 858-0625,"8942 Myrtle St. New Port Richey, FL 34653",CZ,www.SimpleSpoonStorage.com
zlfIelMBvJ,The Sub-Zero Crab Storage Company,(789) 175-6201,"379 Virginia St. Niagara Falls, NY 14304",LR,www.TheSub-ZeroCrabStorageCompany.info
h3FGPIJLg2,Big Ostrich Storage,(394) 270-7999,"7583 N. Howard Road Butte, MT 59701",VU,www.BigOstrichStorage.info
EvSnpy6ZPZ,Acute Pineapple Storage,(204) 412-1851,"8248 River Ave. Falls Church, VA 22041",GN,www.AcutePineappleStorage.com
3D5zIxPUZv,Opaque Frog Storage,(720) 334-3113,"92 W. Princeton Rd. Long Beach, NY 11561",HM,www.OpaqueFrogStorage.org
melHTEHLwx,The Complicated Melon Storage Company,(699) 526-1177,"9499 Manchester Rd. Fargo, ND 58102",TC,www.TheComplicatedMelonStorageCompany.com
yfoeX5juCK,Angry Beaver Storage,(711) 215-5126,"488 Center Lane Saint Albans, NY 11412",BB,www.AngryBeaverStorage.com
HKulzVcoeb,The Plain Lime Storage Company,(842) 155-8570,"8296 North Lane Shrewsbury, MA 01545",CY,www.ThePlainLimeStorageCompany.com
kqEMX4IMQf,The Orange Pencil Storage Company,(922) 545-4454,"347 Wakehurst Street Rahway, NJ 07065",SC,www.TheOrangePencilStorageCompany.info
pgIzvZVHvU,The Acute Hamster Storage Company,(363) 331-2838,"437 Elizabeth St. Apopka, FL 32703",SB,www.TheAcuteHamsterStorageCompany.biz
RN79gsWcLP,The Sub-Zero Zebra Storage Company,(675) 827-2384,"486 Sugar St. Park Forest, IL 60466",NF,www.TheSub-ZeroZebraStorageCompany.net
