8pYnVWzpzR,The Peaceful Tomato Supplier Company,(366) 456-3759,"156 Studebaker Ave. Christiansburg, VA 24073",PS,www.ThePeacefulTomatoSupplierCompany.biz,
Dlq94L7rPh,Deep Elephant Supplier,(212) 795-2315,"76 Wood St. Lansing, MI 48910",MU,www.DeepElephantSupplier.org,
3H7BBv3j7C,Tall Mouse Supplier,(412) 307-2387,"3 South Goldfield Road Prior Lake, MN 55372",EH,www.TallMouseSupplier.info,
7n94AZBOkB,The Freezing Fan Supplier Company,(583) 464-7945,"8762 S. Pearl Dr. Stow, OH 44224",GE,www.TheFreezingFanSupplierCompany.net,
FVzpxLJFKK,Small Turkey Supplier,(329) 319-6822,"44 Rocky River Drive Clarksville, TN 37040",HR,www.SmallTurkeySupplier.net,
5Hq7fF9aK0,The Opaque Pear Supplier Company,(920) 188-6129,"481 Fairview Street Rosedale, NY 11422",WS,www.TheOpaquePearSupplierCompany.org,
nZ4msLXxTY,Peaceful Fox Supplier,(541) 677-1400,"7274 North William St. Davenport, IA 52804",NI,www.PeacefulFoxSupplier.info,
ryNb8O1TRs,The Foggy Pigeon Supplier Company,(742) 185-4946,"9014 Front Street Maineville, OH 45039",BD,www.TheFoggyPigeonSupplierCompany.com,
socFXUsXAD,The Tiny Gecko Supplier Company,(487) 617-8883,"7774 E. Leeton Ridge Street Oshkosh, WI 54901",DE,www.TheTinyGeckoSupplierCompany.org,
uluou8izCd,The Stupid Alligator Supplier Company,(851) 142-6114,"8042 Courtland St. Morganton, NC 28655",ES,www.TheStupidAlligatorSupplierCompany.net,
ldbBahbqLj,Foggy Skunk Lumber,(848) 562-2783,"8449 Pin Oak Ave. Fullerton, CA 92831",MV,www.FoggySkunkLumber.info,
lGSxEQQ8bN,The Fat Light-Switch Lumber Company,(700) 392-3806,"552 Edgemont St. Portsmouth, VA 23703",SS,www.TheFatLight-SwitchLumberCompany.biz,
ATeybFIuTQ,Stupid Rabbit Lumber,(258) 942-3308,"385 Gonzales Avenue Tucson, AZ 85718",AM,www.StupidRabbitLumber.org,
Op8rarVKxa,The Tiger Lumber Company,(189) 125-3286,"281 Williams Ave. Bethpage, NY 11714",TH,www.TheTigerLumberCompany.info,
5SKHZGJsjV,Transparent Cherry Lumber,(462) 341-6776,"258 Valley View St. Savannah, GA 31404",KY,www.TransparentCherryLumber.biz,
x7FolH1EsA,Stormy Snake Lumber,(301) 268-4277,"50 New Street Chesterfield, VA 23832",SV,www.StormySnakeLumber.biz,
FE34LTqb2p,The Tiny Tomato Lumber Company,(874) 309-1544,"38 Shady Dr. Batavia, OH 45103",IQ,www.TheTinyTomatoLumberCompany.org,
xJZiBD5DIo,The Tall Fork Lumber Company,(273) 872-8093,"178 Silver Spear Ave. Southaven, MS 38671",GD,www.TheTallForkLumberCompany.biz,
0x1V8UVLqh,The Deep Lamp Lumber Company,(746) 315-3612,"4 Valley Farms Rd. East Elmhurst, NY 11369",YT,www.TheDeepLampLumberCompany.info,
s56xoRSQrg,The Tiny Camel Lumber Company,(135) 507-9530,"263 Third Lane Graham, NC 27253",TM,www.TheTinyCamelLumberCompany.com,
ZcXBxuYu7W,The Plain Beaver Metal Company,(143) 752-3438,"141 Sierra Road Parkville, MD 21234",GA,www.ThePlainBeaverMetalCompany.com,
cUrmX3GV4D,Thin Beaver Metal,(743) 596-1046,"45 Bald Hill Street Orland Park, IL 60462",ZA,www.ThinBeaverMetal.info,
45AVHG6SDL,Big Light-Switch Metal,(221) 984-7475,"7979 Tunnel Lane Bismarck, ND 58501",DZ,www.BigLight-SwitchMetal.com,
7Hh3kV9mIX,Little Turtle Metal,(185) 844-9978,"346 Cedar Swamp Road Westbury, NY 11590",SZ,www.LittleTurtleMetal.info,
4hGbj2aBVR,Red Baboon Metal,(843) 398-4003,"82 Baker Court Galloway, OH 43119",GP,www.RedBaboonMetal.biz,
QGoBUjHkki,Thin Apple Metal,(749) 202-7753,"7564 Overlook St. Anoka, MN 55303",LB,www.ThinAppleMetal.biz,
WY3AmkQmxs,The Mouse Metal Company,(846) 827-2349,"9812 Fairview Drive Ozone Park, NY 11417",KH,www.TheMouseMetalCompany.com,
4xp0ETTkc8,The White Skunk Metal Company,(269) 526-1566,"114 Blackburn Ave. Bradenton, FL 34203",UZ,www.TheWhiteSkunkMetalCompany.info,
ZxsJeaFpg5,Plain Fan Metal,(825) 662-4098,"2 Piper Lane Evans, GA 30809",CU,www.PlainFanMetal.net,
3LnmekGoPa,The Happy Chinchilla Metal Company,(911) 517-4479,"2 Sussex Court East Elmhurst, NY 11369",PY,www.TheHappyChinchillaMetalCompany.com,
dWuUGFOe1b,Small Rabbit Logging,(724) 721-8336,"92 Lake Forest St. Martinsville, VA 24112",GB,www.SmallRabbitLogging.com,
9kQZDUILDP,The Red Fish Logging Company,(184) 780-9810,"41 Woodsman Street Atlanta, GA 30303",BH,www.TheRedFishLoggingCompany.org,
IBvWjkFney,The Brown Fan Logging Company,(591) 132-9769,"9242 Bohemia Ave. Jonesboro, GA 30236",VC,www.TheBrownFanLoggingCompany.net,
tRJBEnEFaO,The Cheerful Skunk Logging Company,(919) 560-2302,"115 Gulf St. Newport News, VA 23601",AU,www.TheCheerfulSkunkLoggingCompany.biz,
9Hzdyajzdu,Thin Fan Logging,(957) 804-5441,"30 Main Road Plainfield, NJ 07060",CF,www.ThinFanLogging.net,
0OaJOGFGdD,The Cloudy Chicken Fabrics Company,(874) 935-7327,"176 Goldfield Ave. North Haven, CT 06473",ZM,www.TheCloudyChickenFabricsCompany.biz,
wU1wdmKEca,The Orange Donkey Fabrics Company,(424) 998-0563,"8743 Coffee St. Saint Paul, MN 55104",RE,www.TheOrangeDonkeyFabricsCompany.com,
XIFO3VhtQH,Little Ram Fabrics,(874) 468-5507,"227 Atlantic St. New Kensington, PA 15068",MO,www.LittleRamFabrics.net,
EOnkzmV7ND,The Simple Robot Fabrics Company,(387) 213-2793,"7153 Clark Street West Warwick, RI 02893",CY,www.TheSimpleRobotFabricsCompany.com,
xUMVYgBI7J,The Angry Pen Fabrics Company,(493) 728-3463,"44 Whitemarsh Ave. Avon Lake, OH 44012",RE,www.TheAngryPenFabricsCompany.info,
06DeQdaf4X,The Snowy Pencil Leather Company,(803) 909-0134,"8157 Division St. Northville, MI 48167",HT,www.TheSnowyPencilLeatherCompany.biz,
xyEInQvE1U,The Cheeky Banana Leather Company,(420) 484-3909,"484 Old Acacia Court Chesterfield, VA 23832",KZ,www.TheCheekyBananaLeatherCompany.org,
UhCJbQG0jF,The Cold Pigeon Leather Company,(813) 565-1978,"45 East Honey Creek Dr. East Brunswick, NJ 08816",SM,www.TheColdPigeonLeatherCompany.net,
umALkT56Xy,The Thin Cat Leather Company,(104) 648-5315,"99 Ann Lane Racine, WI 53402",VC,www.TheThinCatLeatherCompany.org,
xSCCF3BYWn,Fat Zebra Leather,(707) 147-4222,"76 North Bow Ridge Lane New Lenox, IL 60451",RS,www.FatZebraLeather.org,
VQtT65VuGn,Acute Banana Liquidators,(703) 481-6719,"690 Dunbar St. East Stroudsburg, PA 18301",BW,www.AcuteBananaLiquidators.org,
FyAzhOpNly,The Sad Beaver Liquidators Company,(863) 658-6436,"63 Maiden Avenue Ada, OK 74820",PM,www.TheSadBeaverLiquidatorsCompany.info,
s9Fptw806W,The Intelligent Scarf Liquidators Company,(671) 249-7760,"7841 Pendergast Ave. Middleton, WI 53562",MP,www.TheIntelligentScarfLiquidatorsCompany.com,
EMLwuAKAEG,Blue Pear Liquidators,(992) 192-6501,"24 West Pheasant Ave. Southgate, MI 48195",LV,www.BluePearLiquidators.biz,
KQIGJ9eDk5,The Brown Elephant Liquidators Company,(550) 165-0439,"845 Division St. Flint, MI 48504",SJ,www.TheBrownElephantLiquidatorsCompany.org,
