fLM0vFMD6h,Brittaney Hurley,(273) 581-9965,"628 West Clay Street Chelsea, MA 02150",LI,www.BrittaneyHurley.com,Transitional
PWFixIVSN0,Meg Vega,(293) 560-8123,"907 Edgefield St. Neenah, WI 54956",SN,www.MegVega.info,Transitional
uQJBa7yRRm,Monique Callahan,(583) 405-6879,"963 Fairfield Road Caldwell, NJ 07006",DM,www.MoniqueCallahan.net,Modern
kFNSGfDIXN,Noe Ellison,(700) 194-8208,"3 Rock Creek Street Newton, NJ 07860",FK,www.NoeEllison.info,Rococo
sUUNXUZjSB,Soila Russo,(991) 990-9631,"11 10th Rd. Bettendorf, IA 52722",NP,www.SoilaRusso.org,Mid-Century
ql0bQqFgKx,Shin Boyer,(117) 489-7866,"9643 Somerset Road Monsey, NY 10952",IO,www.ShinBoyer.net,Contemporary
b9yOGUx3pl,Jeni Wilson,(371) 513-5215,"215 Birchwood Ave. Boston, MA 02127",CM,www.JeniWilson.org,Transitional
AZadqlHsUN,Elia Melton,(932) 920-3180,"519 Bayberry Ave. Bayside, NY 11361",VG,www.EliaMelton.com,Transitional
TnFL7eVZD9,Viola Rodgers,(194) 947-7446,"9310 Cleveland Rd. Gainesville, VA 20155",NL,www.ViolaRodgers.net,Industrial
eAm5FaKjru,Sueann Harrell,(369) 505-6947,"80 Bridle St. Evanston, IL 60201",PY,www.SueannHarrell.biz,Shabby Chic
EZn2c6Sqao,Evette Jenkins,(661) 854-3888,"8843 Rockaway St. Flowery Branch, GA 30542",PH,www.EvetteJenkins.org,Scandinavian
rdYk2JSFOZ,Oliver Haley,(993) 958-5037,"7951 Birch Hill Ave. Saint Paul, MN 55104",ES,www.OliverHaley.org,Contemporary
A7oA1v9Ax1,Renee Holmes,(223) 228-9407,"78 Santa Clara Drive Huntsville, AL 35803",GH,www.ReneeHolmes.info,Art Deco
KoaWPsykpt,Eunice Clayton,(105) 560-2235,"8157 Taylor Court Maineville, OH 45039",MU,www.EuniceClayton.com,Rococo
4MVbu2iI15,Mellissa Rich,(452) 170-8716,"4 Garden Rd. Dunedin, FL 34698",BZ,www.MellissaRich.org,Rococo
bnQDB9V4ZQ,Emerson Gates,(566) 812-6249,"76 Beaver Ridge St. Erie, PA 16506",MS,www.EmersonGates.net,Modern
in19yTwFqy,Mayme Green,(800) 341-6131,"43 Annadale Rd. Menasha, WI 54952",UM,www.MaymeGreen.org,Minimalism
L2vFnWn5yt,Stanford Hampton,(550) 635-3387,"627 Walt Whitman Ave. Phoenix, AZ 85021",BI,www.StanfordHampton.info,Rococo
P9Vg4XQ5AK,Harlan Paul,(512) 874-0037,"537 South Buttonwood Court Hopewell, VA 23860",MY,www.HarlanPaul.org,Rococo
YOpJVyms0T,Elouise Stanton,(282) 271-4612,"329 Shore Dr. Ridgecrest, CA 93555",CD,www.ElouiseStanton.org,Art Deco
7RYpyw9es0,Casimira Carney,(400) 217-8680,"8498 Young Street Oklahoma City, OK 73112",CR,www.CasimiraCarney.biz,Eclecticism
VXBvjILW4l,Kalyn Hardy,(350) 132-7710,"8026 Bayport Dr. Cartersville, GA 30120",HM,www.KalynHardy.com,Mid-Century
bjSmt6EX8o,Dione Dunn,(596) 645-3025,"108 Bohemia Avenue Faribault, MN 55021",DJ,www.DioneDunn.com,Eclecticism
HUPang5JW4,Benita Wilkerson,(520) 997-8562,"9205 Heritage St. Shelbyville, TN 37160",VE,www.BenitaWilkerson.org,Contemporary
HACGEeYiTg,Azalee Mcmillan,(348) 423-1823,"180 Manor Station Road Newnan, GA 30263",CR,www.AzaleeMcmillan.org,Rococo
MBxLmTyDx0,Jere Delacruz,(707) 861-4668,"607 Garden Rd. Pataskala, OH 43062",NA,www.JereDelacruz.biz,Transitional
c1jIajAyha,Ozie Avila,(866) 229-4951,"547 San Juan Court Oak Lawn, IL 60453",CR,www.OzieAvila.com,Modern
bDcoTRYgku,Sierra Novak,(310) 520-6811,"155 N. Elm Street Rego Park, NY 11374",GM,www.SierraNovak.org,Industrial
jMt9cpvHJ8,Virgen Grant,(379) 846-5539,"28 Thompson Street Chicopee, MA 01020",SB,www.VirgenGrant.net,Contemporary
p3f6twELII,Elanor Reilly,(797) 605-1334,"7434 NE. Buttonwood Rd. Soddy Daisy, TN 37379",PG,www.ElanorReilly.com,Art Deco
yz0xcnsOMA,Rolande Bird,(910) 492-4254,"9435 Oak Street Gallatin, TN 37066",UA,www.RolandeBird.com,Art Deco
ejSgB4P19T,Sparkle Yates,(283) 211-5524,"46 E. Glenlake Court Olympia, WA 98512",BO,www.SparkleYates.com,Art Deco
lA2l4dUPAN,Lakeshia Flowers,(729) 203-3989,"9635 West St Margarets Ave. Richmond Hill, NY 11418",MX,www.LakeshiaFlowers.net,Scandinavian
pIdz2ArSJd,Sherrell Mcconnell,(498) 118-2086,"33 Indian Spring Rd. Manchester Township, NJ 08759",LV,www.SherrellMcconnell.biz,Minimalism
nxtwKjphvt,Rochel Allen,(417) 776-8470,"9201 Cedarwood Dr. Harvey, IL 60426",GQ,www.RochelAllen.com,Eclecticism
OLkEycvtOv,Alesia Hendrix,(280) 163-2684,"83 East Riverside Ave. Lumberton, NC 28358",HK,www.AlesiaHendrix.net,Industrial
HULdxdPYgo,Larry Lozano,(156) 235-5951,"449 Purple Finch St. High Point, NC 27265",JO,www.LarryLozano.com,Eclecticism
nUFwyC0BAj,Darryl Petersen,(568) 222-0664,"9330 North Ave. Cornelius, NC 28031",NA,www.DarrylPetersen.info,Scandinavian
VyLXDToji5,Jeanine Matthews,(389) 369-8632,"146 Pennington Dr. East Elmhurst, NY 11369",NO,www.JeanineMatthews.info,Scandinavian
bOQ84LG8yQ,Stephanie Le,(116) 850-2530,"9 Summerhouse Court North Bergen, NJ 07047",BH,www.StephanieLe.biz,Minimalism
KH4hmznKQN,Clifford Arroyo,(218) 788-0414,"94 N. Kirkland Ave. Manitowoc, WI 54220",JP,www.CliffordArroyo.org,Rococo
7ZZbCsXnv0,Charmaine Pineda,(285) 292-5004,"497 Young Lane Panama City, FL 32404",BN,www.CharmainePineda.com,Contemporary
UKHmNCJ1Ep,Roxane Parrish,(403) 654-5083,"64 N. Annadale Ave. Raeford, NC 28376",KH,www.RoxaneParrish.biz,Transitional
czfBYIFNhs,Shelly Wise,(989) 107-5550,"570 West Boston Drive Wellington, FL 33414",YT,www.ShellyWise.org,Eclecticism
bBMMbiXWX2,Ludivina Hunt,(857) 547-6860,"9120 Santa Clara St. Huntington Station, NY 11746",CD,www.LudivinaHunt.com,Scandinavian
3lejckzNYS,Lyndia Butler,(450) 363-6804,"241 Morris Dr. Bowling Green, KY 42101",HU,www.LyndiaButler.biz,Modern
BVP4o4g0u6,Elfreda Simmons,(465) 745-7498,"7990 Evergreen Lane Cleveland, TN 37312",CD,www.ElfredaSimmons.net,Rococo
BejwYSNzm7,Claribel Vasquez,(872) 232-4998,"256 Water Ave. Shelton, CT 06484",GP,www.ClaribelVasquez.net,Transitional
Xi0fOUOila,Lashawna Salas,(251) 618-6388,"37 San Carlos St. Gallatin, TN 37066",UY,www.LashawnaSalas.net,Minimalism
hL6koxT8vK,Mazie Frye,(961) 394-2189,"741 Country Dr. Ypsilanti, MI 48197",LU,www.MazieFrye.info,Art Deco
