BLSjsNQ1vc,Opaque Android Distributing,3664563759,"7 W. Fairview Road Mechanicsburg, PA 17050",NC,www.OpaqueAndroidDistributing.net
v7v1irrvkW,The Alpha Ram Distributing Company,2127952315,"44 Hilltop Street Rolla, MO 65401",FK,www.TheAlphaRamDistributingCompany.info
ir8usiBnMh,Obtuse Book Distributing,4123072387,"9444 Blackburn Lane Wenatchee, WA 98801",VN,www.ObtuseBookDistributing.com
zFKBJytSJL,The White Fork Distributing Company,5834647945,"190 North Franklin St. West Chester, PA 19380",MA,www.TheWhiteForkDistributingCompany.com
uzgPrVFAlV,The Thin Cherry Distributing Company,3293196822,"276 Wood Road Villa Rica, GA 30180",MR,www.TheThinCherryDistributingCompany.org
At7FkrAz5m,Piping Bull Distributing,9201886129,"7254 Hickory Ave. Centreville, VA 20120",EG,www.PipingBullDistributing.net
fP3czD8LE2,The Sub-Zero Baboon Distributing Company,5416771400,"9091 Old Marshall Rd. Bethel Park, PA 15102",EE,www.TheSub-ZeroBaboonDistributingCompany.org
V9Hpmiwt8j,Cheerful Fork Distributing,7421854946,"8288 Oakland Lane Cambridge, MA 02138",ZA,www.CheerfulForkDistributing.net
lPq8mrgwNa,The Big Lamp Distributing Company,4876178883,"3 Ridge Court Maryville, TN 37803",GS,www.TheBigLampDistributingCompany.net
a1Xzp6g1lw,Cold Fish Distributing,8511426114,"69 Bay Meadows Lane Bridgeton, NJ 08302",KG,www.ColdFishDistributing.com
4XdNKanfY1,The White Pear Warehouse Company,8485622783,"9810 Edgefield St. Natick, MA 01760",WS,www.TheWhitePearWarehouseCompany.com
5RDZWNp0Ym,The Acute Turtle Warehouse Company,7003923806,"99 Lower River Drive Mount Vernon, NY 10550",KE,www.TheAcuteTurtleWarehouseCompany.com
TpptgU7FX1,The Little Phone Warehouse Company,2589423308,"7914 Washington Dr. Harrison Township, MI 48045",EE,www.TheLittlePhoneWarehouseCompany.com
J0LCydt12J,The White Fork Warehouse Company,1891253286,"18 Sheffield Ave. Butte, MT 59701",IN,www.TheWhiteForkWarehouseCompany.info
f0rRHPYQ9Z,The White Fork Warehouse Company,4623416776,"1 Redwood Rd. Roanoke, VA 24012",SE,www.TheWhiteForkWarehouseCompany.net
c8fx7r3u46,Small Rat Warehouse,3012684277,"554 Fairfield St. Torrington, CT 06790",AI,www.SmallRatWarehouse.info
yNQBPed8il,The Transparent Carpet Warehouse Company,8743091544,"536 Pulaski Street Wakefield, MA 01880",PY,www.TheTransparentCarpetWarehouseCompany.info
0gkU23fhbT,Sub-Zero Duck Warehouse,2738728093,"7083 Green Court Pembroke Pines, FL 33028",LA,www.Sub-ZeroDuckWarehouse.com
beYPqnGi9f,Sub-Zero Lemon Warehouse,7463153612,"72 Somerset Lane Ypsilanti, MI 48197",FJ,www.Sub-ZeroLemonWarehouse.com
KkhKbpyyjL,Orange Toaster Warehouse,1355079530,"600 Pennsylvania St. Deland, FL 32720",SM,www.OrangeToasterWarehouse.net
8ECOfFZSgC,The Grey Squirrel Distribution Company,1437523438,"827 Dogwood Ave. Saginaw, MI 48601",LC,www.TheGreySquirrelDistributionCompany.biz
xIPIgfq4Nw,Pink Llama Distribution,7435961046,"9433 Hickory Street Tacoma, WA 98444",BR,www.PinkLlamaDistribution.biz
cSKIOFw4y3,The Clear Bull Distribution Company,2219847475,"9916 Bridgeton Ave. Austin, MN 55912",SB,www.TheClearBullDistributionCompany.info
tFn9fPsMP4,Rainy Orange Distribution,1858449978,"7377 Orchard Dr. Perrysburg, OH 43551",UY,www.RainyOrangeDistribution.biz
We8s7hRTpS,Cloudy Penguin Distribution,8433984003,"860 Glen Ridge Rd. Whitestone, NY 11357",NL,www.CloudyPenguinDistribution.net
ybw22cNSbR,Small Snake Distribution,7492027753,"8414 Oxford Ave. Hixson, TN 37343",GW,www.SmallSnakeDistribution.org
ouK68X0qN5,Clear Mouse Distribution,8468272349,"166 South Glenlake Dr. Garner, NC 27529",LB,www.ClearMouseDistribution.biz
NzAYYvt52I,Scarf Distribution,2695261566,"52 Deerfield Lane Woodhaven, NY 11421",KG,www.ScarfDistribution.com
0mslNHYadG,The Complicated Hamster Distribution Company,8256624098,"904 Creekside St. Pottstown, PA 19464",UG,www.TheComplicatedHamsterDistributionCompany.net
dP83gpsQWL,The Grey Gecko Distribution Company,9115174479,"50 Catherine Lane Huntsville, AL 35803",AM,www.TheGreyGeckoDistributionCompany.net
MLzleJ5V0b,Stormy Android Distribution,7247218336,"8908 Pilgrim Lane Oviedo, FL 32765",GS,www.StormyAndroidDistribution.biz
sTctOqYifF,The Acute Cat Distribution Company,1847809810,"95 Winchester Ave. Casselberry, FL 32707",MS,www.TheAcuteCatDistributionCompany.com
aD4TjXPcH4,Joey Distribution,5911329769,"937 Cypress Street Butte, MT 59701",NU,www.JoeyDistribution.org
jYAFe8xMkH,Harold and His Big Ass Warehouse,9195602302,"8223 Marconi St. Dawsonville, GA 30534",MS,www.HaroldandHisBigAssWarehouse.biz
wWfOAIZnx9,We Got A Lot Of Crap,9578045441,"8 Hillcrest St. Buford, GA 30518",MS,www.WeGotALotOfCrap.org
qXmeVuqTbV,We Hold Your Stuff,8749357327,"8247 S. Hamilton Drive Cedar Rapids, IA 52402",MG,www.WeHoldYourStuff.net
t0zQm7cW3y,Peaceful Camel Distribution,4249980563,"30 Lawrence Street North Ridgeville, OH 44039",BE,www.PeacefulCamelDistribution.com
OlMLy3lAxu,Black Book Storage,8744685507,"8124 North Belmont Dr. Kalamazoo, MI 49009",RU,www.BlackBookStorage.net
neK7jlk7Q3,Rainy Ostrich Storage,3872132793,"8266 East Hillside Ave. Saint Louis, MO 63109",MK,www.RainyOstrichStorage.org
ovQ6putrsI,Simple Spoon Storage,4937283463,"8942 Myrtle St. New Port Richey, FL 34653",AD,www.SimpleSpoonStorage.info
zlfIelMBvJ,The Sub-Zero Crab Storage Company,8039090134,"379 Virginia St. Niagara Falls, NY 14304",DM,www.TheSub-ZeroCrabStorageCompany.com
h3FGPIJLg2,Big Ostrich Storage,4204843909,"7583 N. Howard Road Butte, MT 59701",EH,www.BigOstrichStorage.net
EvSnpy6ZPZ,Acute Pineapple Storage,8135651978,"8248 River Ave. Falls Church, VA 22041",AF,www.AcutePineappleStorage.biz
3D5zIxPUZv,Opaque Frog Storage,1046485315,"92 W. Princeton Rd. Long Beach, NY 11561",KM,www.OpaqueFrogStorage.info
melHTEHLwx,The Complicated Melon Storage Company,7071474222,"9499 Manchester Rd. Fargo, ND 58102",SY,www.TheComplicatedMelonStorageCompany.biz
yfoeX5juCK,Angry Beaver Storage,7034816719,"488 Center Lane Saint Albans, NY 11412",GE,www.AngryBeaverStorage.com
HKulzVcoeb,The Plain Lime Storage Company,8636586436,"8296 North Lane Shrewsbury, MA 01545",KW,www.ThePlainLimeStorageCompany.biz
kqEMX4IMQf,The Orange Pencil Storage Company,6712497760,"347 Wakehurst Street Rahway, NJ 07065",LR,www.TheOrangePencilStorageCompany.com
pgIzvZVHvU,The Acute Hamster Storage Company,9921926501,"437 Elizabeth St. Apopka, FL 32703",EC,www.TheAcuteHamsterStorageCompany.info
RN79gsWcLP,The Sub-Zero Zebra Storage Company,5501650439,"486 Sugar St. Park Forest, IL 60466",OM,www.TheSub-ZeroZebraStorageCompany.org
