6eHdxhCYK7,fish set,2001,0,fish
pzZzDyittU,shock set,1986,1,shock
uriR0kWoEY,scream set,2014,2,scream
d5Itwrg70X,bath set,1987,3,bath
OTAoG4WYc3,choke set,2011,4,choke
YEaRUS13HE,cushion set,1987,5,cushion
Y2RhankEm6,extend set,1986,6,extend
Fmpvfxwswq,hands set,2000,7,hands
aI8k5G0Fqi,sick set,1986,8,sick
ajPkfYW6Rd,suffer set,1986,9,suffer
Gnw72VS0Di,elegant set,1997,10,elegant
cEPKv4TyjC,mind set,1996,11,mind
Za0P0MkdAR,hover set,2011,12,hover
0nZQJHrEtZ,fowl set,1992,13,fowl
ttqLwIzqBw,guitar set,2006,14,guitar
9sH0wNZVkP,sour set,2007,15,sour
kE3nxUGutx,clever set,1985,16,clever
Auae4YJ0eg,pricey set,2003,17,pricey
t6IlYhIvCB,perpetual set,1999,18,perpetual
fq0bOHmieA,control set,2008,19,control
kzGeE3aDwE,reading set,1997,20,reading
TuRwdZL46L,dog set,1997,21,dog
g2UcU3ub3i,bent set,1988,22,bent
ZGlh2Ehlh8,far-flung set,1997,23,far-flung
fZIWOmLNey,wonder set,2006,24,wonder
r9FCNFdWIV,kaput set,1997,25,kaput
x0XpZD2q1n,obnoxious set,1991,26,obnoxious
affVjALQAs,festive set,2000,27,festive
sepm9qaOY9,sleepy set,2004,28,sleepy
0naFKFb6se,dizzy set,2013,29,dizzy
grkjTJPNEP,empty set,1987,30,empty
gOI6OsWLJo,scene set,2004,31,scene
unLdpuPanW,shoe set,1985,32,shoe
hHWhQCncpK,ear set,1985,33,ear
BbadFv50Ei,chickens set,1990,34,chickens
rTCeMwk0w8,nail set,1992,35,nail
eViHIgFHdz,beam set,2010,36,beam
eG28xzPp2m,library set,1995,37,library
8blchiMxYL,right set,2000,38,right
bg9WkaHMvV,knowledge set,1992,39,knowledge
0To5uOwhgK,spectacular set,1986,40,spectacular
oiFynE587v,understood set,2000,41,understood
kFEdI1MQEO,pray set,2013,42,pray
xs3hkZG4oL,changeable set,2016,43,changeable
PjIzrpXBNV,value set,2011,44,value
XN3NoHOiad,typical set,1995,45,typical
jkjQ2gMOyo,zip set,2008,46,zip
bWGH1JdS9n,balance set,2009,47,balance
jZOwzhJjwa,complete set,2009,48,complete
u136rWgBXY,highfalutin set,2000,49,highfalutin
eOHiVGE6Qe,glib set,2013,50,glib
Smau1GgGyc,hydrant set,2011,51,hydrant
T53Bt0ctPZ,fry set,1991,52,fry
ck9zQiNv1C,beg set,1996,53,beg
sooFh3KOaz,real set,1993,54,real
euXHsacguW,detail set,2008,55,detail
dRLg8S96ZR,look set,1999,56,look
phZtjyot3B,grandfather set,2012,57,grandfather
He1HJCxk6B,substance set,2012,58,substance
oe0L0cRFDB,stay set,1991,59,stay
YFpN7AiA7C,irate set,2012,60,irate
DTyXdNCZve,quaint set,2015,61,quaint
DxxYvfCFWM,ten set,1995,62,ten
Kpsmhl9j5r,history set,1994,63,history
iPPH0zeMY3,chicken set,2012,64,chicken
XrPPnXrnJ3,robin set,1997,65,robin
5JnQxcSlvJ,earthquake set,1985,66,earthquake
MlgnC1JEJn,air set,2016,67,air
bniAJFNi0s,tawdry set,2013,68,tawdry
jYIzpoPJ0v,houses set,2014,69,houses
1JtLYWK555,receive set,1985,70,receive
73l1iRUEvw,capable set,2014,71,capable
SLUB0VDe3L,sail set,1992,72,sail
rPZH3cZgb2,fang set,2014,73,fang
pLeWEpjMyD,burst set,2009,74,burst
gf3kRlMeIx,drum set,1992,75,drum
aKxqbNFC5Y,overconfident set,1995,76,overconfident
FTzUt60i3t,lowly set,2013,77,lowly
xQErweaCmw,salt set,2009,78,salt
cNCtFL47pi,apathetic set,1998,79,apathetic
Shlmc7tTVf,blink set,2006,80,blink
JiGAtz5G1E,head set,1996,81,head
mTjlj8JQUH,wonderful set,1985,82,wonderful
980pBKGuMU,file set,2003,83,file
XMu0Qq8NyP,loss set,1988,84,loss
icb6Z9i2Lt,glorious set,2016,85,glorious
Z6wCalTBGF,tumble set,2003,86,tumble
NYfIzmKrJf,keen set,2003,87,keen
tzykp8dkDt,robust set,2010,88,robust
BWDiNzBBNi,broad set,2010,89,broad
HmLOMDuZeY,fuzzy set,2016,90,fuzzy
ce0qNFLRK7,paltry set,2004,91,paltry
zpqJFscMr0,announce set,1989,92,announce
73X8UvpzrJ,slip set,1998,93,slip
EYWwooWyNH,hot set,2014,94,hot
uOWyheTjfL,average set,2000,95,average
LPi87bcU5k,daffy set,2017,96,daffy
kRtrxe3vK4,steep set,2010,97,steep
LnsIRtVKVP,tug set,2006,98,tug
RoApvB83jV,identify set,1996,99,identify
