mSqQa4pKte,Hh6nMHpaIF27,2
OxfbSpERI1,6IxOQyhd4p21,4
1TDchSBeov,s1vmyFRwZ534,6
CgEi0rqx5c,RUP3E0SHlf35,5
84cLQunGbC,H8dFqUvm3t38,2
M2VGwljbY2,kLlGG17x1732,4
TOOFiGvehT,FjQuBlOn0W37,2
Gd31KWZqiU,qMvNqCkE7i9,2
XtbgRBNuBw,VIXK1GHefo25,2
Gd2Rkd1BAM,KQ0ENnvQsf41,2
SyqZUH2KGO,MZsMWwY5RL25,3
fSaiycEr4J,n5QErXtONh22,3
nM3qD6IsIM,u3eqWOBqv943,6
b0kSPtqJVr,ZX95PkR3pG32,6
BMzfMoVlYh,ORAUF31Wdx18,1
XrH6FEaWnF,NkZLUHYEhl44,5
il6EUHihrS,mpUFVMpP6A0,3
QHviw93MxK,0t5AqpGvtk7,6
cIOKwWkJ72,t8dQH31GNL24,1
0KSjIO5LDu,MCductqIeA19,4
vqVKi0zce7,TVUyopZhfa12,4
sbFeVdyIqS,zLpogkCtwq35,1
zqlJ2waid2,P61Sp3BKwy43,1
BAPIt4p0sI,81KmRCeWSl3,6
VG6Zescfwu,WJOQdy4fMf5,3
V8DwHReBoG,t6iW7RQi8K0,2
qKNcfh4MV6,q7k3oxBNzn9,1
9Gz3PgpxS9,uKRJqRk6h77,4
lucnZNg3E5,KX0EGPOKTY16,2
xYewjadppZ,7JvavE6vyu15,6
CsFe3Q1tHE,Rz0IwHwywS8,1
Uv6zHAk1bM,UXa5U724BA32,5
vaDqjF7yXJ,kxpVPufCMZ36,6
nQZCLh7IcI,pddmjMpmlr2,5
H14fp3KtBU,IK3j4u8oPe32,4
5RfWzi7tOJ,VBxlTx8XoA9,1
IVUQB6POuO,wspUxfyo8t15,6
yoD8ryc0PO,XWPCmJq3d721,4
wK8rMbq3PJ,YKIaEpQJYB44,4
DztW9n6w9s,W0p7aZ8Z8M29,6
MvcQunm5Y0,SdxFEZ4vmm35,6
77SbR2BtLW,s1ZtLvJYb813,5
Fgg9LKnFu3,301ctu2OrC34,6
B80nrfSPDY,3deDlxVPvv9,4
0KSfx7M1IN,kDkDLzR3uL16,1
mtzPnlkPaj,r7K5CAtBhV15,6
Vsh6r7aoII,YmEeLeMXob22,1
yXPrp0SxTX,g0B54LsEMr30,1
Yfk8fPaMMc,jvvYihx2gh18,4
eoIN2kmm92,rtGbrLDsQI41,3
pR9pTufLk7,jjHvsnBoVI38,6
FzLspeB3em,aubPMURwCy37,4
A8yVI1Ag3v,gQWmD2Nkdy40,1
69e7uYBnCx,U2LxwaHbQG35,4
XxPiTF9xu3,CL3Y0Z9ozx3,4
jv0FBgYj9i,SVgZIFdEXY16,4
y21LVHAkEE,miLYw1bfaU15,2
xEiXFQMNxU,SH5hnSmk7a5,4
GrjUlprJhx,9JB5YzarpF3,2
LMR1hrrTLj,38JWLVLBbI14,6
RfBTVUqoof,ple4UgzKmP0,5
6qaaHgPjZ1,tmoS7QHLve19,6
ceYelWAcpw,TCTJcMOONz1,1
KeyDKmdExE,9MEekOe8ir31,4
ws2tnVQbpJ,60JRUilvEF33,4
g3u7odqMAF,sgzarYnQj441,2
19SSu37wFg,j33zTmQiyJ10,5
xM7umn9NPq,3XZONY6DCR39,3
kYvH8E6DeR,Hnt5HYflW510,2
mj6wu2FS3v,9rAIjg791L15,1
Eb4XgddODU,NUo95DQhDd12,3
oea3K10Fwk,87LX1ok7Oo26,4
jWSMNoSQXb,cOsG1YfAWr19,4
daOHVUkZyg,FJoSXKmLN436,3
c8lRknyeAJ,RzHfSIqXgP38,3
RSUTq8hdLh,VBFPraduzj19,6
ahSgDugH1u,twlJLK2Qxn22,3
iPVdubkrTT,KuCNyobhUn26,4
1gKp3k38G7,lkAUfk1M1637,3
oaz6GsFlTI,kGQZowfVFL14,5
D7JQNJqEo3,9QxQ5NRtJr4,5
fTmo9qbApQ,WNhIY8jjP18,1
KXtrq5Cntm,kEvRyce12p25,4
7WO5WXboBg,WcAlV6cZTJ44,3
VlM7pgv67Z,ytH8jVo4lK15,3
Ro8r9BNhrj,mKtEJOlW4923,3
xOW0v7Bh8i,dzQLWdjkAr41,5
SIbscyn7QW,r3jAxfmqy537,6
pQdbpE9Xzb,bMCPFeztb817,4
1dMKsDHhNY,VJllEtQXTT19,5
mPjjYIenLZ,gKSXF9gaP55,2
5NwM4u2CRT,sqmXageVGs41,1
xggKcNGJXQ,29ilUDyZOJ10,4
kW9w63n70g,UD9P60HOC924,5
Z2H6y0hP2k,NytfXrxwCt30,3
qReUtXtAiH,ThjeimthgL38,2
b6rtWt54KS,V6C78UkTWy10,3
2XgMPM5r9Z,hebUeaMvSc28,5
sRbALWZaec,SWcvt4Ctoq23,4
r5JeUL5a39,XNE7CuSSkg12,1
QmWyeLgRdE,tF1JcHkSV912,5
FWtBhJEvtW,db05znhbmP4,2
9IDrTc6hjp,szSWkNxCYr17,4
G84omuq7Ii,QOjQ6i4dHt24,1
ISmF5sCRfP,WNBx45h4GO23,1
FOrgkISTik,UnvX3gQaIf29,2
82RjMF8Zgq,PHYeChncek38,5
h16P6bTVLj,x8Fn1lrolh25,5
vcyVOV3FVH,0ZtpDsH7UG8,1
vj5AfgpehJ,QUimg7Ps7X9,4
W9BvjZobEM,8HGoHnmFvl19,2
gWWhFZ5zml,fZr2edygbv16,1
6fbrZp0XtP,TK0iXbLfld34,1
Onk0JHFbxN,zVbm1k79BI37,2
XcCIMOZvQe,r6uKykOpHt42,1
25M9T6hMA9,N0U5Ih0m2j28,2
LcVj0v6sUE,Ek1ezoWC1b2,4
tjz9k8OWK1,Adfjeohajd17,1
zuymai4Anv,sem0lGlNgW12,5
hv5bmT6oG9,nWnpBFER2O13,4
O00WawjnjT,iPYpYRgcra2,5
r71U0p8LFB,qc6nFMm6yy35,6
A3sU143KXm,knPm3FomPT44,3
RwjRumemgQ,Prq9hFyuMP5,3
wVJGvmFf2v,u3jNI1qLSL28,1
FslBs9Q7ni,5sX4ygONIN12,2
FnHS1wUJTa,qFed5dTeis20,4
FXbpy30qET,X2TeLCnuxt13,3
vYVyaj4lIU,CwiCwtkAnz26,3
PSzK6bmDfr,P7DDvUNqJU38,3
UjfaSIppps,CBZHLtdI9P39,2
qrFBAHWM17,Br6BaxQHW634,2
Z3GAdVZIQD,YlhEoTFUR89,2
00aWzohu8g,5MugiPD2JZ2,1
dsRQYQzsjc,1Lnhya8ugI11,3
Kqjc0qioGS,WlbA1N4mkn42,5
mNslV5utGi,DwBuENJu3E3,5
yinz3YJy7n,eRqDFJGIfy9,4
uRLLkSRH3N,tVDoMSuBEu28,6
qnu8DyEF1k,c3X0AQH8VN24,5
5jMtS9OrWm,JPbGMlfRZy23,6
6gJKuwxyNO,ptus07w31G0,1
ymqFVMncBy,J2ptGfv5vA15,2
t0CgmqvpHh,AqYdWJJ3AD44,6
tjbSxgVsl7,rfdNWY50J231,6
WBGqeEbq7t,F76betNzEY12,4
kdlOIicNQ0,p0dWOyDwNr30,1
rhEXRnkokc,fSiM5um0Ex21,2
SKja1SFmn8,zjK3T0kCUs37,3
