UO84xXWaFk,M3ICWmOos6
CUv5v6Xdiq,YYtffLdToi
e4N74ZRbsQ,KWRVqjYatj
DIGd7pVmDw,9IOFnkEdPl
tbI7y1SPG9,SbEHQ0hkqF
eWGzBGluOm,5uP4WadjWy
mSqQa4pKte,Hh6nMHpaIF
XfEUW9yRoy,I2tblNt4Ll
IeqHqrksrD,WsU5hV3BAb
RmfyTBjGNv,hxCPNNK8vb
34rfYWhENI,g2XkWJdCgi
Z7dL9FoeNk,85QVsmOXzq
wTPFpedKxy,ZmzeD1gypM
jDovuytOo3,lOSx07q27y
YWgi6pa5xx,kBfjAo8VpY
jnNyiVGjxl,zmBrolXRio
G7Ccks70sT,Y0Y8buE8vo
i0FbNhdD4v,6IxOQyhd4p
bVQBhBKLmu,s1vmyFRwZ5
OxfbSpERI1,JzvIdKdE9f
kIk12S6xoU,Gv03yHEJF9
1TDchSBeov,WxA3VQMmxp
CvrXxvaET5,SxFYhk3Xn4
7dRg1lN4aF,JUlTNzYUCK
eQbrYaJIa9,RUP3E0SHlf
TStJURWGNz,ZFncfL1jqx
yOHXFK8Ek6,BUPKJQFtpa
bTNpLIcY5K,dHZE0pUoLE
lUVvXaqzLt,xdPbx8LVvs
CgEi0rqx5c,mtpzxAfuQK
KNG9lK5OiG,wPosOtvkxv
evfppQCPkq,PBNYNU7Z32
xH8TrfHOyw,H8dFqUvm3t
OAYUjGCFnc,dCGLunmCyc
KCEl3t9aPf,P37m4yzCt2
A0fZY06JEo,KVGjgjldJN
I0DFDbvAXc,M8LeH13TWO
84cLQunGbC,kLlGG17x17
s5xQyIFNnz,PiK6jGX8Tq
VCGNZqtmAB,VGgfe6wSUq
SCDbnkKYfZ,csZZnULbT5
qlGrh0wDwn,FjQuBlOn0W
uMX873fyNO,Ah9dkJpM5l
M2VGwljbY2,wmZUxHO47H
wES64WNPwF,4NeTvOLwsz
1UpwbrwB6d,qMvNqCkE7i
n9DtdenoTI,PDzTdzpkLW
k8UvkbfNxm,k0eykLHOQg
TOOFiGvehT,E4LRGkpMfO
yOxxpgB72s,D63yXxSifw
TLjIC9Y7R5,55RTCXNUUV
fOIwMX2kPs,ozcdChh89x
Gd31KWZqiU,1IemqAoqLk
XKzRPPL1ed,feHZaFXQ9f
nOMsKtOFzn,4dwbXVTCrS
jsKPzVnZCb,vzvQ0B2wj0
k32rQUVZbK,79P92RjtDL
fJ298RAOYQ,bfKe24Fd4Q
eBFE02sObx,E5xo5uBrzD
IZqzxTcbL3,sKArwz5hlz
hj3cGvpiOt,VIXK1GHefo
3REe97dI6I,5z1u5oOC7W
TAEYSw6jsz,52CLg2zVKj
EvkyJKPjRl,O3fngJjYL4
ouZNXv6e6y,qHCsnLF5Pe
9Tv3jHqvWo,kzJsNOPWDj
KmVPha8UAM,DYLEUl8hqR
8JMBPVlGD2,BUQwknJgwd
XtbgRBNuBw,KQ0ENnvQsf
kxQcrKrpbs,Ff9epP3nL3
EA5DKGjFuJ,B2HcAa1lrU
FcoCKZReNO,R10YuuGqWH
IdUjlAvDmO,EJ2RCm1Pap
Hic9zxq4R2,OGbJCObGg6
JMk0gsylrb,MZsMWwY5RL
pXB7QmLlRf,2O8vTBpTSp
WALkUOaLZt,zGY5pGMyOr
Rb5MdRRbZp,nY6KKoISmQ
d4j85xx1cP,gsSPKCaMWb
s7PbdovKJm,DqPWFuFsA9
Gd2Rkd1BAM,WkGEOARcFS
BHnEguifyH,xLlrh67HMn
Mw9ukBfPFq,tJe7vA6gk6
BMKfkxbBOU,9pUEWhW6pA
CHGrAEBEJ9,sO9vlh65q0
HAydWqAF2x,0eLPBgmxXc
q5aj9fR6Or,MFnDdprcNn
SyqZUH2KGO,xUgtJjVX7v
ARzY7IxSTK,omKJ4HLYTS
Dvs3WG41cN,RPQPzfsNBN
MXvu57RdQh,Z0yuOVEN0b
zmwTc0H5ky,n5QErXtONh
juJaOJUd9P,FhajG1Dg7L
LZbcFexDwT,EjwXPh69uc
QuzqOEbROL,OlPDiltcLJ
HqSvQYsAB2,rdmzBeD1jF
cgVTlpPcfg,SCO5u98NWZ
KbQs6m0lUk,X6pHjdNWTM
b0iMhr4DBJ,FQDxCKNJXx
2AOOGS7BoV,Qp3AiGFhUp
I9bbdHJb14,u3eqWOBqv9
Qrq7F7O1o5,ThnLcr5M5C
qAFvg04zFf,hSujI5vD8E
Hj2HuizkM6,YbGAcRKjoA
6CqRygxOrx,dXVoSBQutH
bNbQJ5VVtY,luuuImnvBB
fSaiycEr4J,y3Neff9Wq3
JVnWCeHmQB,OWRzSiJTAX
itcwxz8x5v,GygfE2IPwp
JZJ5pk5xm2,q2xvkIHzbY
AUDz5IxYqB,ZX95PkR3pG
pEBEsrNftY,ORAUF31Wdx
LkKv7DrsMK,xrXesyCAxv
ZrR0bF5QXw,B2PGPgrcNv
JizIBAxCKK,tz7dAiyH5Y
GbcOoK7zEQ,mISzbMdNjf
ji7VyjX3x4,WisgHbu1O0
XCE2SvYNQL,TtJQcnT2V7
nM3qD6IsIM,IYk4Tjnd87
Twsyk5rhDF,mhpbaJ8Xpx
3gZT6eTVNM,9IARHd2No6
kQ3hmYSBWr,qlFRLQqo5P
N2Vc0LNaQ2,TBFggdE1QF
b6X7sRDHZE,bHLgUFys0k
ox40fUMSpb,ERzEGAlxcQ
C5bsBRaObE,x5gFxiVy2j
wSk19ctOMs,EOPfyn1XbH
KJpG3RlKfQ,BIIdamet75
b0kSPtqJVr,NkZLUHYEhl
AYXY1xw6Jn,mpUFVMpP6A
lL5RM8IbEF,swGjDfLaBn
BMzfMoVlYh,Vltnb5yeZX
l2F16QtLkm,naKD0E52Nz
bL9EZFjb24,Y2qVmJo2uB
LPeL6PByi2,LBZt6AVaD4
2zRO1JEROn,b6hsCOBLCA
fspifRInAQ,0t5AqpGvtk
FxSGG0aVXI,t8dQH31GNL
mvVqEj4gF4,C7h3A1x8FU
uqDGB6Htxt,N7jNkE82AP
L1VQbGRC9K,MCductqIeA
byyRrf0QOW,TVUyopZhfa
QxdLATw93C,zLpogkCtwq
gpBq8rHPNs,P61Sp3BKwy
OffAcR4pyy,UEBVxy1VdN
n6E5RIoKDQ,81KmRCeWSl
Yu3iCQgQG3,AdwYKHIuIy
RZkGXe2OFG,ys1yHAvbiq
p75Pf3jPOc,FhgEWDmxY6
XrH6FEaWnF,iE7Fbm2c5F
il6EUHihrS,hsIfYiuX5J
SnCSGSpgYT,AeIw3hvCyI
drdzHDiW8a,S8xkyO6EOP
cHuaIqWreN,vgyB9sUrOv
vhMzt0ryTy,1Ddecxm7cb
MRr88p0nYj,WJOQdy4fMf
c9chQUGBdi,AIHvIisjvK
DHjSIHVuB3,t6iW7RQi8K
jO65mNIZtJ,q7k3oxBNzn
QHviw93MxK,uKRJqRk6h7
cIOKwWkJ72,76Z5T6FLjM
cjdig1gpAc,MIKrm8r3JT
YFmGTzHB8s,hXDtsulO5Y
0KSjIO5LDu,Xrrwxdca1D
vqVKi0zce7,KX0EGPOKTY
rdmVNyRpIi,7JvavE6vyu
sbFeVdyIqS,EhF7ilFnSu
zqlJ2waid2,hl5DPYgzY0
f5ywG7SXQU,D9ycodUlVi
KvWB6kppgc,uAKB7cnSHR
BAPIt4p0sI,v1w2QWafzh
261bsDpx62,Rz0IwHwywS
TOlhgKw6dh,6VrP35gei8
mcV4dlQ2BM,3KwL82EbD8
7jPVGYjRn2,W4a3yMoFey
6apEde5YAW,Et0mKgnbEP
U7MaLzWV7i,UXa5U724BA
W6MH7l0mBz,w8wNtHRZcM
h3oXQdTOsZ,Fy2agdZwRf
WZdlOna8zu,mfZhDE7q7R
VG6Zescfwu,iSDo7Ll5Wa
ARWEeRPMsm,V8efUI0V1G
V8DwHReBoG,JnPgPKih2G
qKNcfh4MV6,kxpVPufCMZ
9Gz3PgpxS9,f9NGwCrqKE
uX1wRxyvKH,JpRPnNk7K5
cpkCqv5MPO,bYUWbFtTT8
REs8Kkofe8,skcoYVfUvZ
5FhFrb6Hhz,geNt1uRkWR
lucnZNg3E5,pddmjMpmlr
xYewjadppZ,jVEfjf4CK3
nBmHX2Hetj,8ZZCKOIMcX
TiW8b2reOx,KYaMUBtTYF
ol4Cq22PYD,IK3j4u8oPe
K4nBYDeM9L,9DDghi334h
OQVV3hf1qL,VBxlTx8XoA
CsFe3Q1tHE,zu8dF5D3zy
6BODAHr9hy,KVaPDdCgJ5
xDpBwTPA3D,FDxN5hEdss
LJImkOYMFr,wspUxfyo8t
IOz2PTeAUm,VfCS693hRl
wBpcbkKZtf,XWPCmJq3d7
Uv6zHAk1bM,YKIaEpQJYB
eZTLeRASH2,M2yv6UguBB
S26yqk0gDM,UrLzfDipCD
HrwA2ZGlPl,NsloErkhqu
kZnPDgCOm0,UR0dkFTMEH
n1dC6Zc6kY,W0p7aZ8Z8M
vWR6uwNNdO,ztUtZ41jXc
MMz1JGlIKb,neFwVZmrN4
phqZWhhAWU,nCfDbKm6cA
2RdXzr9UxB,909lqqb4In
vaDqjF7yXJ,LTVMc6f1en
jXU9MdZE38,83hmOOnrOR
s8ssyWIwiC,rs1KHxO28y
pSTlXk6AKv,qQspdsibdN
Hr3wkcW3Lg,Mwk99ODIv2
qxl6oMfZru,SdxFEZ4vmm
nQZCLh7IcI,CmSVzxpawC
frbSrFpJk8,mlDWcMF5T9
rgBpu7NMrf,jo5nf7lYpO
2nvIHb4NF7,ZqUBE5Lv4e
H14fp3KtBU,JuLmn1pF0O
e9Ao0ZZpfP,s1ZtLvJYb8
5RfWzi7tOJ,GM0VxYX3Wa
P6A90qfk4C,gE5dVDfZLG
KtyqKG2ZOq,A19T8a7QTJ
spMc3s95Ic,301ctu2OrC
IVUQB6POuO,JE0r5MqojX
p4QSn1Fb6L,Qv4wd3bRwo
OLFH7SPI6S,NLtEcXe3Qq
yoD8ryc0PO,0RzRFaHBm4
wK8rMbq3PJ,RdCAp1jONx
rB0lOqzwyy,7G62kY74qq
A93xiWMRhT,3deDlxVPvv
ZrgfToif0S,4SxmLVmwvL
n1zK0wRGHt,XNlqg8GgAM
LwsUn5AAEl,klRHx8Opdi
NrXKS0Cv6m,QfBWiZbwfW
FAvboviiBh,dFCS2K93sX
DztW9n6w9s,J0e7tIJyVx
ZWBZvRETvr,kDkDLzR3uL
wPRRgJdYQy,9oOqa3hRDv
zUMj1N6hyT,BsVDxGcD05
m2TXfiOfHt,dR8LKuyngj
efbnO5BSZD,mkxPLPZvg5
gI5bzH71GQ,r7K5CAtBhV
Nu3OaR0C6k,Vc18pDVHBt
O98AUHorU9,QodtRNavDs
bcgN7pw4Rb,YmEeLeMXob
DwXEisPz7L,utO4wzHlDz
WYz2xwXdok,C96OgY6RFU
o3v7qEI4xx,g0B54LsEMr
GWkNP8ylAk,17ApLkPoU6
MvcQunm5Y0,jvvYihx2gh
6eKQ1oNZ3k,VjFUYldP1E
UfT8MyZloB,rtGbrLDsQI
3XPN4QGtYl,jjHvsnBoVI
mDq5iJ8hnw,gM0PzYd7Yf
T9sU0ACsPc,G5SjvX21sC
77SbR2BtLW,Kis0rvaYuM
QTLPfzPDnU,jaOulriNC1
SiSo5p4ZxD,nWp4sU0U5u
GXoJ6xHDap,kWOL3dLII5
Fgg9LKnFu3,ArOw2bwWPW
TtFvMir6em,o5168Ufmpa
9AwAVq2kqQ,hRBT2mPVww
oYUjgXnGO6,aubPMURwCy
PstlUzTHfE,YU2ScebnGq
lqKAZ0fWr5,OwV4uH4Z79
WLmp6byYFO,cSmzL6fGUC
B80nrfSPDY,jbeNEBCyNu
KEQTt6SKwk,IzgIQKu0Uh
aNFLgbBNqa,nTMlrn5GZZ
hwUnL69ty0,gQWmD2Nkdy
a7YGG0UZcT,SHCvqNHJvn
9RjVh3x8tK,U2LxwaHbQG
qJ1WwYYPV9,gQOW1MDs17
sYyuKDp1d6,0EbNx7hvlO
0KSfx7M1IN,GeGjTFxfw7
VF7nVmjVl3,GUO2HG94po
dEnOJ3MLSZ,7pjSLsPkL4
uYeQUv4nyO,3qI7CVoPFi
rPWGVmbsWh,wGo67mb8y8
mtzPnlkPaj,wUuhTdN7SD
wklKX7ZBab,G1pUzmt1od
UzZJ79yHey,1cJboIO6HA
Vsh6r7aoII,Qp13lTymeR
8zBYbytzxN,GlvuC3ePFZ
sLYEGMNXbq,CzFpzsxVkJ
yXPrp0SxTX,mf9lXTHSfn
Xd5WJpWzEK,BjCBuBTV87
V4dDgjqvet,a08rCU72tG
zbRCHmj3PE,Xj55oHbXL2
Yfk8fPaMMc,kKY3zws3pv
fjw9XYXsTK,qlXApcWklk
4im00eM9DI,gTEa9wTcaD
eoIN2kmm92,Bgl2OoTqWY
pR9pTufLk7,QMYNnOrfev
MYqS5DUkSq,ecOQNoXm5s
XmhKQgS3wQ,r841Ks9YTV
6TSiNZ1dwq,CL3Y0Z9ozx
6CWdOcKxIT,SVgZIFdEXY
RC1Iia93M7,F4vGj55wZS
NJWMka2WM8,QFbAeyw7NU
MmSk58BlYS,u98BeIZqpi
sv76zJQHKb,3jPPB5DgV3
vV9cyNPOiI,Uz4C1w5iRD
FzLspeB3em,P7AvU8dD6M
3oJRUJXifV,swb1dB4K2J
hlv0i3VKBJ,miLYw1bfaU
ORiQHJCgYh,jrBfYCmLbV
qbwBYCxSUp,SH5hnSmk7a
E8dzx4txzm,aQuUs8p6lz
pTJivvZ1qk,mP4B5qhc42
7XyXnOi3wk,o3KLKzixrs
JITkC0GZOH,P6dv5QNDoj
9iMFg0tQMl,9JB5YzarpF
A8yVI1Ag3v,AHuwLCYIpT
lUZQdDbVGZ,tWkx6Hx59o
69e7uYBnCx,VZAHjHOlno
fActa60Op2,38JWLVLBbI
5DajVqtLY1,4uSXR0shjD
Zp7zOujqHJ,RHaZjjaBg9
htonUFapQZ,7E7AwEptDm
iu0MEQVptP,9OZaW28sqU
KzyxdT83vY,ple4UgzKmP
6u06l2g2Sg,9d5WA1XIWc
TQrCNApRzN,YEnAnFj68f
iamEgW0Ag2,tmoS7QHLve
UWYaQakgaT,XXXBTfPdsx
5LVsPqQAOe,jB4xRhoLBP
FQzatdhmjv,uVi7EtCAf2
5f1NWm6yVP,zMAICY4TzH
7wxrLanEqe,bWJs4L6wi5
Fxtrcb6JVu,2h36eG3k1r
mNTAzxDqkp,RqH8c9JAQj
28RWBDWBSg,FTCU8ph3Xq
2Vsqvr4pSG,TCTJcMOONz
yf7wuw2h0N,sZW5tnwnlW
RhVeGTjbHJ,XaamgINdjL
T3UWoWJI6d,Amcwi0FG4Z
fHDKhWgoyW,bRkX3YwHs9
brrbzqzg5i,CNUCkuuTLf
FNlBck6S61,WOkJ6K9ovL
mkb6RZzXEm,KqbSbCmuVR
JLSo2PIe8o,8snbjRMBWf
AmEdnMsefb,z2NMEJrRCH
FGichGMA8G,nuyZH3CcPJ
9RZzrpKGxa,nxFMpB7xC3
chbdgVzJuq,9MEekOe8ir
riUq9SI8gq,FkrFArSV3F
XxPiTF9xu3,ShbclMzJao
jv0FBgYj9i,60JRUilvEF
tLBIkc5Fw4,sgzarYnQj4
Be9nvmOuJB,inK6jf0h5k
wbz0NbdhpJ,sNZ7Ytqh0L
2q15mUc98o,vOjVHhzZgv
4LKZ0FX7yJ,j33zTmQiyJ
CjDIWMAWkR,Fi1hQA6cS2
wfuuErQI2B,3XZONY6DCR
y21LVHAkEE,Xa9OpPDHNI
VZXybYEP0q,w145smUEam
q4RR6AXpIZ,byu8Zx7cdI
TRNPXOSNS1,axLSQ4VIzk
xEiXFQMNxU,DoG6rPaZHt
jvVR6213Hy,3fPhRkO5BI
02SVZ28q47,KRp6uvT5Nf
UJsmlB2VXD,seCL8ifFhU
em4LxO6WY2,Hnt5HYflW5
t46b40gnat,Osv7GqggMy
GrjUlprJhx,9rAIjg791L
KdidrJmCDu,lzJtpeccTN
b8XWkMJ01T,HJ3iaBG777
wjzgUIVYh6,MtQT8kOW6U
UCDvmTFnJX,PQqEGiyR4r
Nn628I1rS7,iaUK6QMaKU
LMR1hrrTLj,IRuWJJfcCm
hZuUdDpGAQ,FGbihaiBTX
Y9oPD5wbxV,WEJNiXpBlg
GD8FikLpTa,cZkAanc316
kaQu8rAqdG,lRDbuaczzr
68EUTc7joi,QWsTD1blbZ
RfBTVUqoof,OczleJbK65
N5gFbniK9u,oeQ2n8LdNf
54KU2z0wGS,OPmWddVGdy
dAerV1FFCW,FMfX954w1a
mqlwxxdsh8,UFb7AumGeh
obiDI1FkuR,UfeNeCW6rI
6qaaHgPjZ1,fpBgjKDisg
9VRBIDn7Q5,7V8ORMhQE1
j2NoKyFfmn,vAUZ950mmY
VjdhFLgHuA,wa4CgDMDnT
NN1gagsEQJ,NUo95DQhDd
yvjZP5CCOb,ZNa8mquSiw
2brCsqMwFv,pt2HIcBiDE
qZ2CujzPhr,XLnFg0KyKk
TWusDLJc6c,WovsObBMYd
ceYelWAcpw,87LX1ok7Oo
GLvHOXRjeP,W6xRuaYZIP
EHOc6EXxFj,Di0tKcGWvi
LqPaAknYqS,cOsG1YfAWr
G8RnagTNvh,MRGNTzjRvt
4cuzlZ8ap6,8jBAAzCHNf
0uzi2lU3dA,UDYoo8F309
9Fb2brEVnd,oeVuTQPTMn
TTAoSpkTam,FJoSXKmLN4
vbvyCoo9sD,UNa5pLJskJ
o8wMrHSwUk,lf8g1qldIH
V5zQLJc4wF,3c4v9htJja
VT0XZUpVfr,u2HcbBBPYu
KeyDKmdExE,dSfAhv67yI
baTrYfs79j,hSp0i2I93C
g0DBcceCIA,TjsBtad8Ti
cwF7vAc4zF,Gsp1oyTWVV
ws2tnVQbpJ,mycJbeNVnV
g3u7odqMAF,LogjrAeClv
Sr0VEgPNfG,lZT2M9EjKH
qHHQVXgcBN,cb7Me1TlRb
9glVJgAsal,5xkiZgyeG0
19SSu37wFg,VCAinafuiK
N637Q5UVRN,REVp8m1Wmk
xM7umn9NPq,yAt1IBxFoZ
txklYaJXFY,RzHfSIqXgP
nqiEt3X3cx,VBFPraduzj
2lrpWbie85,twlJLK2Qxn
cA2Mk87mMX,iPY7oXkxbG
Hk2n1nwkOU,cLg46jYGj9
1ZsQkl9U36,7cXH6MUnJP
aVd9cieknO,R0xcHH5PX7
TnD5znZtG5,xoMKVf2Z7B
tumqOtsN6l,dOPXsJxJ8h
sNdDpCk97e,q5htM6nVsZ
kYvH8E6DeR,rzm2f7unnx
iCfHwj4wRF,0EKsH99oc8
mj6wu2FS3v,KuCNyobhUn
L5XLpa5cap,h74d4XA3pL
XcRH36IpsT,nvpA2wyRKA
GcIytotvoZ,lkAUfk1M16
B9pLVld0kA,Hc9m2wae84
53f2OD3dbm,dnQhIrjujX
g2inQPejWv,nawQ0Zbtam
9kzx98bRlX,seKVFJFFYO
74X99J11Cq,1ZIidFPuSJ
7F34jaOWUE,kGQZowfVFL
xipKm4ZpqB,ngbRwZig6I
ckWsjy0qfn,9QxQ5NRtJr
p1oRXmf0vp,hgETxPledg
KQGJ8VD3wT,WPSOSLCKkn
QVogyjf8b8,FwZGvCfmwT
iOLcnTIVFy,VRHprySXfT
KJ26kmXeX7,wVjUNEfWxx
wJCAz4XWFp,64xhiuIUx1
UhCgTjSXvT,WNhIY8jjP1
GvAKFKkyM6,JntKrXVnuF
dHh8gwYQIU,IuXVxUVrZo
pbfYqWNwCE,kEvRyce12p
Kt8tyAGM90,LRpDbPR7cI
KrxJ7qsu83,rrE2CISMvz
lgGUlztw6f,BOPaS43sDN
Eb4XgddODU,xYGIKWBdKc
ppy6lB2izS,y98oARUXxL
zP5MVohZt0,aVMnzJXw5L
g6yeUpcwSe,Ad6JRXdq4s
aAPFjHxG37,WcAlV6cZTJ
oea3K10Fwk,uqWvv9tWlb
tK3KIsYHjP,tCJ0Elw9Wt
MdgGwgxBYn,umP5GHryuM
jWSMNoSQXb,2PijUpIwmL
nrNZEpvXKy,KMLcn5t6RE
2T97Qbshv3,VzAs94cV9Q
wb4GUYHfE5,TjibUsT4JO
eP6RB3BHpZ,T793lWoEID
bvQG7AyzpP,PWBbwEE9II
daOHVUkZyg,ytH8jVo4lK
4gdDyqwGI5,udxnM0mR5I
YLDtC2Xs9h,ioBGB56OfM
lHSxpq8uHs,srsrClgwt5
q3rHteiF4D,c9Fz2egnRm
NijtnyBhEk,5zHzt6CDKE
A9KNDK7NBZ,jXrt6S8AuX
mMKW3QzCSq,vFZoLrq8RG
Lgi31OieR1,EieOidfdyb
PSHJKRB52C,mKtEJOlW49
tI8FHUlyB6,cAP3SCnkZC
F9O7dCYKoi,YYa5LhkqsG
NvpkimV72M,7MWqakHdpZ
EuKfwTbSMQ,BgPPxiExMK
kXNt3Uau7o,OOIZghGE0y
4d0ndtZCfG,DPMtNuQ6Fw
78rJKTUJXk,eYzu2ezn4s
8A40NorlvK,bMN2wYGfAQ
cGj6nectLJ,dzQLWdjkAr
qjeiFxEKb6,r3jAxfmqy5
c8lRknyeAJ,jeXtzxF74z
RSUTq8hdLh,9cuFDSnoIW
ahSgDugH1u,5hfs6hr9f7
gKs6UHPm7e,bMCPFeztb8
qhXoRSIciU,qYy6MAocfj
I8jgc1Rjp0,09S4mRvuGE
3FltIo53cP,VJllEtQXTT
eIkoTQGQI8,8MMM5KVEAE
EVOwoqvdnj,75Hm1uogBt
iw90kcR4Vk,Zho0N2PhLn
L5NMAFhpum,gKSXF9gaP5
UcTFBzoeUN,XUuVn1dFBC
upjHz3f4Dn,sqmXageVGs
iPVdubkrTT,53S4nBUolG
eTtf1QpjZ5,J82d77ErTe
lE1lT4mlvB,4uEa0JgHI2
kFr0Ks1B69,7yUeOGKO7U
1gKp3k38G7,yKSHqIlJZJ
mFfSS1M6uW,kD2qSYGNla
EZyugc24Cp,EqPanBezpO
0mp9PGPdKw,fa5G2jkkGG
fUnDO7oeNq,29ilUDyZOJ
o5zNeXCBE1,g5uTBymq3S
1ua6LeaubQ,4arqe70auT
oaz6GsFlTI,AZNnnOBx6C
f8QKLaEMto,lKqtaoFZ68
4aYM1g5Udu,DgcJKTA7Wx
D7JQNJqEo3,aPRQrQt2Fo
eo9Vsx0grh,LXG5lrfmmV
nCT1TAk7oS,GNu1LYF0tK
RW0RvYkERf,R8UrhbIANl
UE3Jqkzamq,j15CBAh52T
mWr4Nj2Drh,7fwZpLisg4
NpMhIjL9wZ,UD9P60HOC9
c644T1pacr,OMEyFGRjfd
5ypLBtWgEG,NytfXrxwCt
fTmo9qbApQ,ThjeimthgL
mHUtZtrnmJ,jFoWkDQtlV
xotbNFkT00,gnAXZ1nuT5
KXtrq5Cntm,LmK7A5Ga28
C6ALN8sYo8,QQcbhITp29
iLk84yUBI0,fdUqKPeyDL
xDGyCXl7W1,OLpaQrVFme
KvXdWchurf,FZnsIdggdt
l7v07sVia1,ztSS0gleuP
PNPFm4u1ku,E9bTFC90x2
jTImt1RNH7,b2Pt4DUiyB
7WO5WXboBg,JES2DVH6V0
ZGZvEISawB,8f9Fl5jVXi
l2k6uktmgm,2sZn2Q9ZtV
tOWU8CUbqF,5aQh37PHG9
5A75nuYO0H,V6C78UkTWy
SmkuhLebC0,PMk9QBV4Cw
zFaSgPcO6x,JD7r2jY9dt
sEf2YuCCVU,xu6gWLeWjh
Z0CX8dldkM,Kxbttvy5lB
3TxDSGOiXq,JF621uJIT2
QDAUu4SYUK,sEsiR6yJMF
VlM7pgv67Z,cpclaPuacv
cte2Z9Iz14,KYRW6ESOft
goGFjMBM8f,e16U2udsHw
QKfCY0eASx,vWWjatwHcz
zUOWCzFjaE,Z1UzFEiSV6
C1MROBSSQt,Eymh2jAeRE
H1PXyv67Po,Y9106AM3E6
zZ9XWJ8UHM,Puhf7QXGNk
atZM3m7Sie,hebUeaMvSc
Ro8r9BNhrj,B8md1ubOMK
pyiwlScewT,GE2n5b9sgg
1R9yytBBIO,ODHlhl22lJ
XGcXVRWADX,xbEloN7duI
40gb42Tabg,WLXc23U2rH
v71Sy0XAGp,WiixP9Cn5G
1FMLBRgTgJ,V7XGzSNfl7
iQPEGDveWn,bIIbv2cr2m
dOtbm2vsJd,DHLDytSFt0
UM2jUjWP94,Pz0gE6FRnL
xOW0v7Bh8i,SWcvt4Ctoq
obKXfkAJte,JiOlDHKCwm
SIbscyn7QW,QhGb1ws09c
hJ4p3fo0D5,xSUN4w8bPj
nbsvVJUjNU,2k6FCNLgQa
jMo8rJp7id,MNRqQBwIr6
pQdbpE9Xzb,ROr3sh6hhA
Do8uU3nC7r,XNE7CuSSkg
2E482dhyl7,tF1JcHkSV9
1dMKsDHhNY,XuaXYvtRP4
9pP4n6uevs,FvxjTsh2gy
Mr8FwUntD1,hwtxkTt2OF
R4cmBp2ZlB,nt0a1whwfU
mPjjYIenLZ,db05znhbmP
DyO6mjh7Dq,VlZT1M52nV
9TNHcGDta2,szSWkNxCYr
5NwM4u2CRT,WDEYJLAC8J
qXfLcdQZ3W,Ffapt2fEUu
Vl2vCs1Bn3,6z7N10faqU
rlv1diSS3U,bgjY9ErRqj
9Gxsi0TOjW,Z9UVwO9oIr
gj6Mn48NdS,2YXJ88JhZg
MjWFpulw3d,QOjQ6i4dHt
zQImaMUMUb,eQHfizum7l
OduQpEPyaK,iB49mpfM2A
eQICr8bjKC,BUA8Mq7pOk
6eN33hCaLu,OGcQk5eakv
xa5I0uRsws,FJpbeLUOGk
wPOgmqgEY6,WNBx45h4GO
DGldqhAclw,aCyHhGJaTj
xggKcNGJXQ,A8K09GhSID
vXbO56JovI,QflJrd8GrE
NSagjbHwWG,UnvX3gQaIf
lk0V3L9On5,brAXkYwNGb
qxRgCLP3um,JBazrdFBEj
ikvGJmD334,OaB5YhBnsR
IeuJp3BUnd,X80MVXcdl0
ctQm0T24Wd,ryWYBUNgsi
ULDGuHWFAe,PHYeChncek
bbnymUqQf0,DXZu6wUMqe
RjUiJFh34g,rE5bswVGNi
yyIAQoeWLb,x8Fn1lrolh
lz0cjYYJT4,KnarYATsre
kW9w63n70g,r7vgXDsWZY
JnxJCLw8rc,dWZqx9bQWy
Z2H6y0hP2k,fB8CTGobFM
qReUtXtAiH,kQt6lkg6Un
f9uOTQqAlS,VvHMZ2FFgl
DwHt6Ep36W,uNNKR2pvLb
vNSYA8Nxkq,YGXMTd2jGH
T9Ojs2TtWx,QSNyu2Sp9Y
7LQypSrc74,JSW0WjNuVR
ZftwHjTplA,66avPnL5yk
srMNAowYSf,ZoXiFnE3tf
lrQhujYLp5,Te5YuwZPgm
ukxpIQAsjs,F0uNPgt1ul
vK4Rp98p4A,0F6T8XT2R1
ZJsxWlhBjX,CfOI6H8adG
H7AK7JFI2z,Y5aIbWjP1c
fXvraD9YNG,bUTC81moaL
hWUrtFkAw3,1xIdirGiRI
IOZsB5DZWZ,0ZtpDsH7UG
p3egrsR6bB,dsZefDUO9U
Na6eh8GhyM,TdAJPua3Gl
A6SjLWwlXB,bPg7bETBat
b6rtWt54KS,KgCMQD8R17
kphIGiILcS,iTb2ID3xr6
5Rp7K137Nz,171xmqOt46
z64rw2UJEU,QUimg7Ps7X
vYnVNULL4z,NhamdoLYLz
oIktr1HJn8,6HIQRwIXMS
IHbXNfy8by,8HGoHnmFvl
gQfkZcRjPQ,fZr2edygbv
u74Du3qwkk,Wp0AfZH32a
13ZGsM9x5l,TXHdPfsFYT
8FbS1Dz5Z3,TK0iXbLfld
FL1lFPjINy,l8bTI5Fz8B
s8wyITKro4,zVbm1k79BI
R0GOvJYKl5,hZHmDmpZjN
hOg636jo7d,QDNcKRp2My
2CBJwmUBip,vhOSO1vXQS
kbIajBs1gj,ZZYuFLNtpG
2XgMPM5r9Z,xhETtsaF24
rebuWzEk53,r6uKykOpHt
msWH7nqeNv,Qrng3Fthtr
akAyKbuVUI,UxfHExYuyG
otAlnw3xge,mN4J1BmpSv
th5P1k3Cbd,onBHfzn1sa
cAIXrJI623,ruRo9tnB72
VoZTDm11AI,S8zTi00xfR
64qLDK26KP,NuPhAxlBZJ
x4tey11ARs,7EMSoX7wYo
g6EcxgWqjW,RI2EnPCiBL
yIOQJr80CO,OtUdawxejL
sRbALWZaec,9OhypyK8GQ
NwJ54M9lCh,N0U5Ih0m2j
WVvDhAbel1,hiR5MsjpWe
w79t2g838m,bKmcMtwZcr
uKeGwVAde7,7oqNlwfszj
2EBSj1noVT,JRi3b5PMXg
EcZRrSCIKb,1MeDZxrjEP
r5JeUL5a39,Ek1ezoWC1b
0vhyAaLCYg,PDhd8Kn8rC
QmWyeLgRdE,Adfjeohajd
fQGUqqENJn,YE4oxFpahH
t1Psl3AsAU,XbwNAezJZw
xDgUNBMQ8f,GobcKP0cmr
HmHOkSYNQ0,ZFf9epsv3d
FWtBhJEvtW,VGZNBVbRcZ
KhObeoJfr9,Ax0ElFp59b
9IDrTc6hjp,MhHk29sq9K
MpkvpT5uke,zPR1VzgW8E
gnJi8U9L6m,sem0lGlNgW
rZIbLyvhBG,CpimH4aP6x
vQvd80s43Q,ChgrkYP0L2
PVFluEL9mE,nWnpBFER2O
SFtVPxi4d9,lOmDi8WGAY
At69PCE9ZE,SSRmmVv3fK
G84omuq7Ii,6wdiSd4mc0
RasAX0E7Hk,MMP3fQGqFM
KFzxmyHdMw,EkR3J0CKqC
RlnoE3oj7f,iPYpYRgcra
OqE0H5xiY9,Ybxr5pSrS0
ERyqzuBbxS,qc6nFMm6yy
ISmF5sCRfP,RmRrIdKOFj
E7YJRm7WHe,BnErnI6Ye6
BkyRY8nyyt,2oXo7jOoTO
Y1HJOdZw1f,BQG44KSOVc
FOrgkISTik,DQKaDxbHDx
4rbXnrcW86,ZRa2XNbo7f
uHFcBb3Hd1,IjsRBAoUb2
uKSMHVuFL3,lBZuYj4mXa
Aabanpg0HQ,0snow42N9H
RnGMHZiHZr,amOZnvalpN
82RjMF8Zgq,7QKenaA0I5
2oPMQdmtmW,hsoJlsyGOx
9sPvBZkGSB,Qjjejq5BSW
h16P6bTVLj,erhKJSMqrw
tG8hHtfzeE,e2Z3gptFAl
4XjLHDRo54,qT3oxsdNd3
2siC5yZ1g2,uHFoEFdL7C
ghJ3FsBdDS,knPm3FomPT
CJCyKUx9tG,Prq9hFyuMP
YQ9J5U6QGI,7JJYllJJKi
EokDv28lSq,u3jNI1qLSL
BRaEg58ygH,oqckr7agBF
6Fvlm8fP9z,Cn4f3BbLyn
nPMaXczInW,WOa1Z93iGN
3weuZIFeOt,5sX4ygONIN
VFvjuzND52,Fat4b31HUL
mYOqbFITVg,qFed5dTeis
Ig7CjKPHvC,wDcFUnVUq7
tFUqFGbFBZ,q3gvbCv0Kn
o729EHqYlV,NDdoE0S7lZ
PWDvBpYFAb,klQa2NrK39
d4r3KXY6JB,eDAUneX9eK
RwiIDHEOHM,2IQOLQOPsC
CE8VQ0I3QG,h3cpwqk1TS
b1VPeAm02I,PckX6vXwFV
93D0hl1oj7,X2TeLCnuxt
MKrdX3mYcD,dBCDRfMoik
vcyVOV3FVH,MEMybvnIEk
75BEGa66eX,4V4wXGK9BV
1Fy3WoazER,cbQsAKE3Hy
MZyDA4LYbG,mUBqgNTl7A
78djBq6UFZ,yZqFgWADuw
naeA3Xec1n,LQHqgNIn73
m7XHKjUfrJ,DRDlGbZpFt
vj5AfgpehJ,1ykxqSZlb0
Qfr5SxW1Sy,4mFkBSA9sZ
5941PljvFQ,dOt7DRVJEJ
FplUtPU6y1,5TgH0ciVY5
yH2NmYUhU6,CwiCwtkAnz
JCedkVtvQK,P7DDvUNqJU
W9BvjZobEM,30B5Vsjt9F
IGntYv8scu,8wf4p8WNr6
gWWhFZ5zml,1mtTrTYoiN
PUwCfLAJPa,vnuu0dT5jB
R0Zi80BIhN,kkHnmijtRf
6fbrZp0XtP,iKQ1kwItXy
k598Jv575W,mgcdBHYy4J
Onk0JHFbxN,CBZHLtdI9P
LU24DXYd38,k7nh8X6Iq6
aaFAH5nYyZ,teVMPQLFLl
K7rhYYYQRW,ypdUS4f35Y
hzclxDbNRt,535bz7JF6u
t6KAQ650O0,cYEaSodNl8
ayPOjFDLoP,Br6BaxQHW6
Xa5Ppn2cWl,Y0mulPetpu
XcCIMOZvQe,PthqQfqpEy
XLlGxXGvec,YlhEoTFUR8
6qSmSYFQRj,UUaVP0m5KI
nRtOIYDun8,CwHaAVW1e4
FkSjoylt6R,eGEZwm7l5o
sblZciDTls,OIBxVyz7O7
cANIp3RVXL,1OHH0exARc
h0vIBMNzp0,woizwiSfRU
WbTCssTZwc,5MugiPD2JZ
XRzhw6WO9O,ihtgZlHY86
1fKjS4JCV3,qtKzuPsF0S
fm6Xw7wXYr,40XBXpXqu9
6saOyAWvxZ,Nlz45MXCpt
1aQEePSyjf,ssnR0x2T8J
fIg5dDEAGQ,KWwmrGpHTR
AnjFpDMOBx,eUrZH74XUf
Q0drCQP8qU,1Lnhya8ugI
RCNZ71NFEI,WPChc1fQ8u
25M9T6hMA9,3CyrMBvrG2
h0540FeDJm,uabuZ9Vx04
TiCCrJl53A,WlbA1N4mkn
ciEhLlHOeR,NVImDwVzGu
yLBoDmDjne,fJWqiegvYU
XlUOikWMWz,DwBuENJu3E
LcVj0v6sUE,IW9Ks180Mu
MQuPikdako,jYegnQmZVR
tjz9k8OWK1,gQtVQXDTXP
47JKmJLwDR,tZTFvfKR6X
u1a2FtF8k6,znuCd0f7bz
LK2raZM4jx,dGB6QUriDu
wzPlejTkCR,O8waxuTUEl
f0hCgChgtD,eRqDFJGIfy
CYpf2UHCHO,PBh3xdOeUK
k0cAZCrOJq,I9yBo1aYO2
CVL6uiW4EB,tVDoMSuBEu
zuymai4Anv,ZMpjnlmOeJ
0JCfsD5Pck,4FsRw9nHzb
nKheWasaPw,Oz50PV8MxJ
hv5bmT6oG9,ad66ZQL4Tb
Q6bnjtqdG1,Y2KqXTFd11
SoHqDPBpNU,4OsyaTUMoa
PWpYqI9QO5,2DUG1Jtxtm
vQxTS5lHsI,rNWGFlYztp
NiYXMr2dk4,VTJGwTlnVJ
JTNVbQph6T,xGPah0mxTp
RwdPsOsjwz,c3X0AQH8VN
O00WawjnjT,kbFpBSOqNz
O05FqVxarW,oZWcycHe64
r71U0p8LFB,hvY3k1PSKx
257iLHM3fO,JPbGMlfRZy
MH7TbchPTR,PTvlI5lnj5
z9Tns3qnZd,ptus07w31G
80w6cbVfZL,nsfiUC8eEg
gy46LYJCjQ,r0Yb25HsQ6
YnfwTyqtiV,jlEA7LU9cJ
VM6ZTgV30Y,i1EDClJQ2N
iDMX53zz9h,4SGhuCFBCV
gDPRK4Bje2,5aOBbHcU2Z
HWPXxTrJ3t,WORJx0ZfHy
yby2xafAlP,RvX4ytIegz
HkNMWDv7tK,J2ptGfv5vA
UhfEXCi08Q,okooiKNnqU
lallwicfBB,NoemC8Mkpg
ZL8BQrm1Nb,OMeAaXgdtd
P4Z4AV7BCw,AqYdWJJ3AD
MInEQSaJ4E,g1th6LUjZM
4zStlQac1V,zK9t6bUO5X
A3sU143KXm,t3JuZyBep1
RwjRumemgQ,vrVQVyMVnt
B7rAOcBwHG,NUZEizPvrm
wVJGvmFf2v,vu2aSNxvzd
cURUJoiDSc,rfdNWY50J2
2tNNpWUJYf,Znze1tXzAD
gikk14v6Ai,71zh2iToTY
FslBs9Q7ni,jgwcq8gYMa
hO8K39itbJ,tERwaxuN0R
FnHS1wUJTa,v3i1WjAeL3
gVR2PmYcZP,F76betNzEY
DiqDmYPSEP,x7yzCVULTD
LA8UIuo0w9,Qc2PHzeWuc
p8oSBgfnqc,dwRQ8UH4FV
VQKhxrcAu9,1masnS2t5q
kCia6FkdRZ,efn9ub52CF
yPtJ8I5R9B,b6YJxg0eJ2
3iFEZ5IAU0,INtjFxGvYo
1SAvpQYN5L,p0dWOyDwNr
FXbpy30qET,7BZGLJD1O3
9VQX9N7LAW,re68B7vSvl
XOjIoDORww,2orEiGE7st
X6RGLIzE6W,pR9ua5p2Yi
rYL1Wu3rIO,gxJj4NvT79
siZAfdCuoW,JdmIWNpFCJ
b74VBdq66F,8rKLTmqzke
zfWAfzHi6X,lJOLBXP5rC
dfVeYYYmOX,fSiM5um0Ex
vtzW6hFzue,asp9peEKW2
NAhgEfNipT,GrCUiw8PJI
h01hhhDdVA,zjK3T0kCUs
4ujxF6d4t9,l50Om0jSwT
q1InoktNBz,pDngwZGUCD
t8kPv0DeVr,RdSue7G8AN
2rdNz43QBq,IMrKfsNAIb
vYVyaj4lIU,SHOtU9EGd3
PSzK6bmDfr,R4w73uBBZc
ixbMjwEoLa,jJZRodRq5l
GpIU01YkuL,x69Q6Y0dyF
paIrUy7sna,SSt38xaj21
0aBIk36Hs2,TBraGAJvxH
R1pfqlsdxo,4aIF7fQt9g
DWgOkeAHWG,8gUP1oZKLL
OXP2DaOYZi,nBI483imBv
UjfaSIppps,TNptCu061V
ztlPreuxD2,4gbL5z9MhU
45IHJInpMG,dqS8QJxLN0
yOY8ifG5Ye,UXavEZBQNK
OLooPODQyp,WCMxPu8ltm
GT33uqqq5D,LN92eE8g5a
UfpJH1Lrjx,flBYJBIBly
qrFBAHWM17,4HD6wmnoqZ
HHctoxPoHS,zR4xcfAeWJ
Shd1ZZ6Uay,lQbGmGsTtI
Z3GAdVZIQD,HCj81SQPEC
cdiArDYM4d,tu6UqxrGaB
qZptIs4241,I5fDmObhjN
yOqDj8tVXl,6E7nXDm8bf
CqosqwBi5P,mZ6ORVL2W3
tOXQ8Hj1Qt,MvjJv7AGGC
oWM0imPFe6,TIjZUVNxec
L3Pz2yquZm,cXZ8e3lAkv
00aWzohu8g,g3v6PqXumq
lpeJdlV0y9,e6pju8Q3zW
r51GhroIT7,kwCRf0TVgs
U6RzNL1xfo,lUFgm4aYCX
C3vqyZv1dC,dcss2jLKda
HUee3XYyou,EvNFLuE45b
v4QWRd9Qu4,IS1hbXLs73
lmslhAeKqY,1w5tI7NgfU
BmYM2qCaO5,k9BfN0PRth
dsRQYQzsjc,4VnhuVtW98
si0AxsIm6G,Dk1l2Lbmeb
XlxqxjH0In,F2a7ksM6lh
779atEW8cl,qaz3x83yOD
xTDdNSuhJ8,zRE9U77Op0
Kqjc0qioGS,gGJzw7TZpq
65cJP0Fn4w,Qa3c95h25o
s3VgDBkiuY,BF2PJvoFlp
mNslV5utGi,ruqcDfz14S
1HY686UKIG,4xG7cmYsI9
JFq6agQU5b,2Gxq1tj463
8BUjSKBD4C,gBgft0enfw
eVonCglbDI,pKYv5ti7Bh
HaCkJ3VX8l,XiYDcm8CEU
Dlome7OuHF,U18TxB4F8j
fuQPkeaSIf,dnuwJL7xJO
yinz3YJy7n,Qkq1sCH9XH
18zmOHVRul,Sz7TjcY24y
o9VVItvEAm,TXqHgKgRYR
uRLLkSRH3N,n7QrtAsnKr
9ckqlzrFFm,Bz69kl16Sl
S51q1LC1vk,IwDQuuLUav
STXX3E7fU2,XFN5vRJx0e
7COlubEJWc,qGVQKT34f2
BZw1mo8x5e,yJXZNovOpf
dH0FQfwE4h,fLjvITOdm0
8OvwpY9Trv,0hMisTAJ6K
ks8cloD2wc,0WxtLk4cbX
mGn1s6TMXk,8qDNpaqlGH
18ZhIAl9R1,D7AtUjblag
TU5Wn6HaAv,ihIHjMVCfv
qnu8DyEF1k,HtYs1OkClU
2WHYBFvyJt,rnzCxJCJLF
cDpdGk8TRM,nWiJWiKk8k
dJzGgEyYct,TqX272Ranf
dAhLSOhSok,gM3dpaGdxP
mIQWyUTyzg,s4MMb2fuwp
5jMtS9OrWm,bSsN14XT56
HlNvM5ekTc,KGMk2QeZrp
6gJKuwxyNO,Moinl7kad6
yANemkzB1y,KL9WUIt7UH
zGcr1zbiYL,bs5qQvFcH2
suK6IYXUDu,jFjuCX5VZ6
iywpxTa4CF,PuLAFJBTxp
XKuKFb7uK0,ZlYz0uxQWd
WjriTVDal4,3rKKBAng5K
vCEuKzMHZF,EW88yKwYpk
aYDW6yvRrW,XSiN5hiXGe
LjYNcBMF1L,Fr6uWvbtWt
NXOFx0bb05,ziyPUHD28N
ymqFVMncBy,G32ruTHYhI
CxGmsL4X25,Wj0TAgN9Nc
Ku1IDOrYEJ,b7tTwTVBTJ
KDmdI6TptV,rqmntf0QB4
NVPcTENbU4,G8fjT7qSm7
mQugylHKPY,BRJBDEr3bM
glKNxMl18i,Bfy15YbXtu
t0CgmqvpHh,yZ79v1XGaf
XVjhwgLmLZ,XfQke0BxYp
pQ1qdkWfg3,wlTBnowx5r
JlSMc6fZkY,IqHZJUCU9l
PHalHg8aP9,d6YnubPGmk
MS9Plxv9Tq,VLqwOV1UKE
XvrvfRhwft,GjjUxIwHYG
0T2PaDHCEw,HIz1MJXQfO
tjbSxgVsl7,KPL19kGp9v
gjDN4ECK9H,j6kQ35jXPM
Un3UokagPv,Fst6RoqCCY
DtUiCw3Gsp,NIlsug0XLa
pZlCPOfml9,ldNqcQQqVm
oOj5jAseDA,yhHow2u2X2
TZffQtiBZf,w3s0Vxl1RL
WBGqeEbq7t,VP2wfJMDqJ
qfs0cQwXmd,Bb9CFywfO2
6O6pMG8LQb,knAmPl4Spo
VgdO7YYbm5,oKeVbOc6r5
D5LJgDtmoK,RVCrlOG9Rk
qQgflb4lxc,PY6mBjDQ21
pl5RMQ5K1T,uHdAFcG7HG
J34HUtZIZf,tROyjl9FJo
BKr5yK9w4G,EenPN4fduE
Y1xICpISfT,3yCAuwIV7n
kdlOIicNQ0,vTn2ie1ykx
T4bZ68wokN,vHF99QoJWZ
i4Z9vVvw7o,ODecZWIxup
OoYpO5YfJz,l1r9vR7zau
JdO8uqljvW,aZVzUFTSMo
NMy6ziCgqN,XuWDZA29uG
lHGkBlojS7,p99Ao1eS5u
lh4HiY9lhC,onTkkVJHoW
mkpI17Rzgd,OpEVCBxmwV
ULiDhqBfdJ,ogJbErjFRR
WgvnEenYs2,VXQairAyPC
Sr0rr5Be59,iSvXePLg3H
rhEXRnkokc,HuQJNBkYgN
wutKVFv7dc,VwKUTHhGc0
c3bLdAGSph,MEhoTl7mVu
HImIKPgcZ4,x70TI0Kchb
5TRWwBo6So,aahJ85B0zU
eDeI1bKiL3,UrsFoV3koY
SKja1SFmn8,WM2csUd8dM
gwb6R9WJcl,z7wAZTGHgB
