ir8usiBnMh,7JJYllJJKi
ir8usiBnMh,DgcJKTA7Wx
ir8usiBnMh,vHF99QoJWZ
ir8usiBnMh,l50Om0jSwT
ir8usiBnMh,DHLDytSFt0
ir8usiBnMh,u3eqWOBqv9
ir8usiBnMh,DYLEUl8hqR
ir8usiBnMh,kLlGG17x17
ir8usiBnMh,QMYNnOrfev
ir8usiBnMh,EjwXPh69uc
ir8usiBnMh,7oqNlwfszj
ir8usiBnMh,j15CBAh52T
ir8usiBnMh,P37m4yzCt2
ir8usiBnMh,4SxmLVmwvL
zFKBJytSJL,Qa3c95h25o
zFKBJytSJL,iB49mpfM2A
zFKBJytSJL,Qv4wd3bRwo
zFKBJytSJL,VvHMZ2FFgl
zFKBJytSJL,iSvXePLg3H
zFKBJytSJL,Xrrwxdca1D
zFKBJytSJL,Mwk99ODIv2
zFKBJytSJL,ChgrkYP0L2
zFKBJytSJL,v1w2QWafzh
zFKBJytSJL,1ZIidFPuSJ
uzgPrVFAlV,xdPbx8LVvs
uzgPrVFAlV,R4w73uBBZc
uzgPrVFAlV,v1w2QWafzh
uzgPrVFAlV,kWOL3dLII5
uzgPrVFAlV,qT3oxsdNd3
uzgPrVFAlV,uHdAFcG7HG
uzgPrVFAlV,JES2DVH6V0
At7FkrAz5m,ArOw2bwWPW
fP3czD8LE2,R10YuuGqWH
fP3czD8LE2,hgETxPledg
fP3czD8LE2,SSt38xaj21
fP3czD8LE2,1ykxqSZlb0
fP3czD8LE2,YGXMTd2jGH
fP3czD8LE2,wVjUNEfWxx
fP3czD8LE2,WORJx0ZfHy
fP3czD8LE2,7pjSLsPkL4
fP3czD8LE2,ruRo9tnB72
fP3czD8LE2,MtQT8kOW6U
V9Hpmiwt8j,LN92eE8g5a
V9Hpmiwt8j,S8xkyO6EOP
V9Hpmiwt8j,WDEYJLAC8J
V9Hpmiwt8j,XXXBTfPdsx
V9Hpmiwt8j,sem0lGlNgW
V9Hpmiwt8j,WcAlV6cZTJ
V9Hpmiwt8j,mhpbaJ8Xpx
lPq8mrgwNa,8rKLTmqzke
a1Xzp6g1lw,sqmXageVGs
a1Xzp6g1lw,WM2csUd8dM
a1Xzp6g1lw,PTvlI5lnj5
a1Xzp6g1lw,knAmPl4Spo
a1Xzp6g1lw,2IQOLQOPsC
a1Xzp6g1lw,IwDQuuLUav
a1Xzp6g1lw,40XBXpXqu9
a1Xzp6g1lw,71zh2iToTY
a1Xzp6g1lw,xLlrh67HMn
a1Xzp6g1lw,CL3Y0Z9ozx
a1Xzp6g1lw,pKYv5ti7Bh
a1Xzp6g1lw,wDcFUnVUq7
4XdNKanfY1,db05znhbmP
5RDZWNp0Ym,WsU5hV3BAb
5RDZWNp0Ym,YYa5LhkqsG
5RDZWNp0Ym,FhajG1Dg7L
5RDZWNp0Ym,7G62kY74qq
5RDZWNp0Ym,W6xRuaYZIP
5RDZWNp0Ym,PHYeChncek
TpptgU7FX1,TBFggdE1QF
TpptgU7FX1,VvHMZ2FFgl
TpptgU7FX1,52CLg2zVKj
TpptgU7FX1,kEvRyce12p
TpptgU7FX1,wspUxfyo8t
TpptgU7FX1,FDxN5hEdss
TpptgU7FX1,yZ79v1XGaf
TpptgU7FX1,dWZqx9bQWy
J0LCydt12J,oKeVbOc6r5
J0LCydt12J,171xmqOt46
f0rRHPYQ9Z,kkHnmijtRf
f0rRHPYQ9Z,qMvNqCkE7i
c8fx7r3u46,66avPnL5yk
c8fx7r3u46,d6YnubPGmk
c8fx7r3u46,XWPCmJq3d7
c8fx7r3u46,7V8ORMhQE1
c8fx7r3u46,XuWDZA29uG
c8fx7r3u46,0F6T8XT2R1
c8fx7r3u46,GygfE2IPwp
c8fx7r3u46,a08rCU72tG
c8fx7r3u46,QOjQ6i4dHt
c8fx7r3u46,A19T8a7QTJ
yNQBPed8il,kDkDLzR3uL
yNQBPed8il,tu6UqxrGaB
yNQBPed8il,VJllEtQXTT
0gkU23fhbT,DgcJKTA7Wx
0gkU23fhbT,INtjFxGvYo
0gkU23fhbT,yZ79v1XGaf
0gkU23fhbT,fdUqKPeyDL
0gkU23fhbT,RzHfSIqXgP
0gkU23fhbT,mISzbMdNjf
0gkU23fhbT,QMYNnOrfev
0gkU23fhbT,OMeAaXgdtd
0gkU23fhbT,nsfiUC8eEg
0gkU23fhbT,fB8CTGobFM
0gkU23fhbT,6wdiSd4mc0
beYPqnGi9f,GjjUxIwHYG
beYPqnGi9f,cOsG1YfAWr
beYPqnGi9f,0RzRFaHBm4
beYPqnGi9f,WJOQdy4fMf
beYPqnGi9f,VP2wfJMDqJ
beYPqnGi9f,F0uNPgt1ul
beYPqnGi9f,SHOtU9EGd3
beYPqnGi9f,BnErnI6Ye6
beYPqnGi9f,vWWjatwHcz
beYPqnGi9f,b6YJxg0eJ2
KkhKbpyyjL,knAmPl4Spo
KkhKbpyyjL,WDEYJLAC8J
KkhKbpyyjL,535bz7JF6u
KkhKbpyyjL,RdSue7G8AN
KkhKbpyyjL,db05znhbmP
KkhKbpyyjL,UXa5U724BA
KkhKbpyyjL,mN4J1BmpSv
KkhKbpyyjL,Bb9CFywfO2
KkhKbpyyjL,EvNFLuE45b
KkhKbpyyjL,wVjUNEfWxx
KkhKbpyyjL,6VrP35gei8
KkhKbpyyjL,w3s0Vxl1RL
KkhKbpyyjL,IK3j4u8oPe
8ECOfFZSgC,qGVQKT34f2
8ECOfFZSgC,r7K5CAtBhV
8ECOfFZSgC,cOsG1YfAWr
xIPIgfq4Nw,fB8CTGobFM
xIPIgfq4Nw,jjHvsnBoVI
xIPIgfq4Nw,kEvRyce12p
xIPIgfq4Nw,S8zTi00xfR
cSKIOFw4y3,aQuUs8p6lz
cSKIOFw4y3,wa4CgDMDnT
cSKIOFw4y3,VLqwOV1UKE
cSKIOFw4y3,sO9vlh65q0
cSKIOFw4y3,YbGAcRKjoA
cSKIOFw4y3,7JJYllJJKi
cSKIOFw4y3,9pUEWhW6pA
cSKIOFw4y3,sZW5tnwnlW
cSKIOFw4y3,qT3oxsdNd3
cSKIOFw4y3,r7K5CAtBhV
cSKIOFw4y3,BsVDxGcD05
cSKIOFw4y3,Bb9CFywfO2
tFn9fPsMP4,Fat4b31HUL
tFn9fPsMP4,yKSHqIlJZJ
tFn9fPsMP4,OwV4uH4Z79
tFn9fPsMP4,mlDWcMF5T9
tFn9fPsMP4,SHCvqNHJvn
tFn9fPsMP4,XWPCmJq3d7
tFn9fPsMP4,B2PGPgrcNv
tFn9fPsMP4,iSvXePLg3H
We8s7hRTpS,VGgfe6wSUq
We8s7hRTpS,7fwZpLisg4
ybw22cNSbR,9MEekOe8ir
ybw22cNSbR,7JvavE6vyu
ybw22cNSbR,hl5DPYgzY0
ybw22cNSbR,E9bTFC90x2
ybw22cNSbR,jeXtzxF74z
ouK68X0qN5,rnzCxJCJLF
ouK68X0qN5,jeXtzxF74z
ouK68X0qN5,q2xvkIHzbY
ouK68X0qN5,QSNyu2Sp9Y
ouK68X0qN5,tVDoMSuBEu
ouK68X0qN5,mN4J1BmpSv
ouK68X0qN5,1Lnhya8ugI
ouK68X0qN5,E4LRGkpMfO
ouK68X0qN5,GygfE2IPwp
ouK68X0qN5,CpimH4aP6x
ouK68X0qN5,CpimH4aP6x
ouK68X0qN5,LXG5lrfmmV
NzAYYvt52I,AZNnnOBx6C
NzAYYvt52I,H8dFqUvm3t
NzAYYvt52I,GlvuC3ePFZ
NzAYYvt52I,4dwbXVTCrS
NzAYYvt52I,iE7Fbm2c5F
NzAYYvt52I,2h36eG3k1r
NzAYYvt52I,rrE2CISMvz
0mslNHYadG,fSiM5um0Ex
0mslNHYadG,lZT2M9EjKH
0mslNHYadG,Z1UzFEiSV6
0mslNHYadG,UEBVxy1VdN
0mslNHYadG,C96OgY6RFU
0mslNHYadG,FZnsIdggdt
0mslNHYadG,p0dWOyDwNr
0mslNHYadG,Qa3c95h25o
0mslNHYadG,vnuu0dT5jB
0mslNHYadG,q2xvkIHzbY
0mslNHYadG,Znze1tXzAD
0mslNHYadG,oKeVbOc6r5
0mslNHYadG,H8dFqUvm3t
0mslNHYadG,G8fjT7qSm7
dP83gpsQWL,gM3dpaGdxP
dP83gpsQWL,QflJrd8GrE
dP83gpsQWL,RdCAp1jONx
dP83gpsQWL,dWZqx9bQWy
dP83gpsQWL,79P92RjtDL
dP83gpsQWL,87LX1ok7Oo
dP83gpsQWL,eDAUneX9eK
dP83gpsQWL,XXXBTfPdsx
MLzleJ5V0b,Qv4wd3bRwo
MLzleJ5V0b,uKRJqRk6h7
MLzleJ5V0b,QodtRNavDs
MLzleJ5V0b,b6hsCOBLCA
MLzleJ5V0b,9DDghi334h
MLzleJ5V0b,lZT2M9EjKH
MLzleJ5V0b,cLg46jYGj9
MLzleJ5V0b,TdAJPua3Gl
MLzleJ5V0b,2oXo7jOoTO
MLzleJ5V0b,4SxmLVmwvL
sTctOqYifF,VjFUYldP1E
sTctOqYifF,nWnpBFER2O
sTctOqYifF,wlTBnowx5r
sTctOqYifF,I2tblNt4Ll
sTctOqYifF,ple4UgzKmP
sTctOqYifF,kLlGG17x17
sTctOqYifF,eDAUneX9eK
aD4TjXPcH4,tJe7vA6gk6
aD4TjXPcH4,H8dFqUvm3t
aD4TjXPcH4,OlPDiltcLJ
aD4TjXPcH4,QWsTD1blbZ
aD4TjXPcH4,9d5WA1XIWc
aD4TjXPcH4,mf9lXTHSfn
aD4TjXPcH4,qc6nFMm6yy
aD4TjXPcH4,yZqFgWADuw
aD4TjXPcH4,bMCPFeztb8
aD4TjXPcH4,MvjJv7AGGC
aD4TjXPcH4,MtQT8kOW6U
aD4TjXPcH4,FMfX954w1a
jYAFe8xMkH,8HGoHnmFvl
jYAFe8xMkH,LTVMc6f1en
jYAFe8xMkH,6wdiSd4mc0
jYAFe8xMkH,R4w73uBBZc
jYAFe8xMkH,mkxPLPZvg5
jYAFe8xMkH,V8efUI0V1G
jYAFe8xMkH,PuLAFJBTxp
jYAFe8xMkH,WiixP9Cn5G
jYAFe8xMkH,KWRVqjYatj
wWfOAIZnx9,LogjrAeClv
wWfOAIZnx9,1w5tI7NgfU
wWfOAIZnx9,7E7AwEptDm
qXmeVuqTbV,Bfy15YbXtu
qXmeVuqTbV,yZ79v1XGaf
qXmeVuqTbV,Zho0N2PhLn
qXmeVuqTbV,dSfAhv67yI
qXmeVuqTbV,iPY7oXkxbG
qXmeVuqTbV,geNt1uRkWR
qXmeVuqTbV,V6C78UkTWy
qXmeVuqTbV,C96OgY6RFU
qXmeVuqTbV,WJOQdy4fMf
qXmeVuqTbV,MRGNTzjRvt
qXmeVuqTbV,4uEa0JgHI2
qXmeVuqTbV,CNUCkuuTLf
t0zQm7cW3y,mgcdBHYy4J
t0zQm7cW3y,YYa5LhkqsG
OlMLy3lAxu,5z1u5oOC7W
OlMLy3lAxu,JPbGMlfRZy
OlMLy3lAxu,Te5YuwZPgm
OlMLy3lAxu,PBNYNU7Z32
neK7jlk7Q3,YE4oxFpahH
neK7jlk7Q3,Pz0gE6FRnL
neK7jlk7Q3,onBHfzn1sa
neK7jlk7Q3,RI2EnPCiBL
neK7jlk7Q3,o5168Ufmpa
neK7jlk7Q3,RdCAp1jONx
neK7jlk7Q3,Bgl2OoTqWY
ovQ6putrsI,rdmzBeD1jF
ovQ6putrsI,B8md1ubOMK
ovQ6putrsI,BUQwknJgwd
ovQ6putrsI,Te5YuwZPgm
ovQ6putrsI,5hfs6hr9f7
ovQ6putrsI,s1ZtLvJYb8
ovQ6putrsI,p0dWOyDwNr
zlfIelMBvJ,Puhf7QXGNk
zlfIelMBvJ,u3jNI1qLSL
zlfIelMBvJ,q5htM6nVsZ
h3FGPIJLg2,Xj55oHbXL2
h3FGPIJLg2,vu2aSNxvzd
h3FGPIJLg2,MRGNTzjRvt
h3FGPIJLg2,VvHMZ2FFgl
h3FGPIJLg2,twlJLK2Qxn
h3FGPIJLg2,oZWcycHe64
h3FGPIJLg2,neFwVZmrN4
h3FGPIJLg2,zu8dF5D3zy
EvSnpy6ZPZ,QMYNnOrfev
EvSnpy6ZPZ,0WxtLk4cbX
3D5zIxPUZv,2DUG1Jtxtm
3D5zIxPUZv,jJZRodRq5l
3D5zIxPUZv,V6C78UkTWy
3D5zIxPUZv,KnarYATsre
3D5zIxPUZv,DqPWFuFsA9
3D5zIxPUZv,qYy6MAocfj
3D5zIxPUZv,oqckr7agBF
melHTEHLwx,QUimg7Ps7X
melHTEHLwx,535bz7JF6u
melHTEHLwx,gGJzw7TZpq
melHTEHLwx,FMfX954w1a
melHTEHLwx,6wdiSd4mc0
melHTEHLwx,YE4oxFpahH
melHTEHLwx,hxCPNNK8vb
melHTEHLwx,aVMnzJXw5L
melHTEHLwx,ziyPUHD28N
melHTEHLwx,eRqDFJGIfy
melHTEHLwx,vgyB9sUrOv
yfoeX5juCK,dR8LKuyngj
yfoeX5juCK,VGgfe6wSUq
yfoeX5juCK,8snbjRMBWf
yfoeX5juCK,asp9peEKW2
yfoeX5juCK,kxpVPufCMZ
yfoeX5juCK,sO9vlh65q0
yfoeX5juCK,dBCDRfMoik
yfoeX5juCK,uHFoEFdL7C
HKulzVcoeb,9rAIjg791L
HKulzVcoeb,WPSOSLCKkn
HKulzVcoeb,66avPnL5yk
HKulzVcoeb,B2PGPgrcNv
HKulzVcoeb,twlJLK2Qxn
HKulzVcoeb,qMvNqCkE7i
HKulzVcoeb,A8K09GhSID
HKulzVcoeb,fJWqiegvYU
HKulzVcoeb,klRHx8Opdi
HKulzVcoeb,2oXo7jOoTO
kqEMX4IMQf,wlTBnowx5r
kqEMX4IMQf,brAXkYwNGb
kqEMX4IMQf,bYUWbFtTT8
pgIzvZVHvU,yhHow2u2X2
pgIzvZVHvU,55RTCXNUUV
pgIzvZVHvU,B2PGPgrcNv
pgIzvZVHvU,nWnpBFER2O
pgIzvZVHvU,eRqDFJGIfy
pgIzvZVHvU,SbEHQ0hkqF
pgIzvZVHvU,j33zTmQiyJ
pgIzvZVHvU,jrBfYCmLbV
pgIzvZVHvU,w8wNtHRZcM
