8pYnVWzpzR,The Peaceful Tomato Supplier Company,3664563759,"7 W. Fairview Road Mechanicsburg, PA 17050",GW,www.ThePeacefulTomatoSupplierCompany.biz
Dlq94L7rPh,Deep Elephant Supplier,2127952315,"44 Hilltop Street Rolla, MO 65401",CG,www.DeepElephantSupplier.net
3H7BBv3j7C,Tall Mouse Supplier,4123072387,"9444 Blackburn Lane Wenatchee, WA 98801",PA,www.TallMouseSupplier.org
7n94AZBOkB,The Freezing Fan Supplier Company,5834647945,"190 North Franklin St. West Chester, PA 19380",PR,www.TheFreezingFanSupplierCompany.biz
FVzpxLJFKK,Small Turkey Supplier,3293196822,"276 Wood Road Villa Rica, GA 30180",AE,www.SmallTurkeySupplier.net
5Hq7fF9aK0,The Opaque Pear Supplier Company,9201886129,"7254 Hickory Ave. Centreville, VA 20120",CI,www.TheOpaquePearSupplierCompany.org
nZ4msLXxTY,Peaceful Fox Supplier,5416771400,"9091 Old Marshall Rd. Bethel Park, PA 15102",GP,www.PeacefulFoxSupplier.com
ryNb8O1TRs,The Foggy Pigeon Supplier Company,7421854946,"8288 Oakland Lane Cambridge, MA 02138",SY,www.TheFoggyPigeonSupplierCompany.com
socFXUsXAD,The Tiny Gecko Supplier Company,4876178883,"3 Ridge Court Maryville, TN 37803",VN,www.TheTinyGeckoSupplierCompany.com
uluou8izCd,The Stupid Alligator Supplier Company,8511426114,"69 Bay Meadows Lane Bridgeton, NJ 08302",TJ,www.TheStupidAlligatorSupplierCompany.info
ldbBahbqLj,Foggy Skunk Lumber,8485622783,"9810 Edgefield St. Natick, MA 01760",CG,www.FoggySkunkLumber.com
lGSxEQQ8bN,The Fat Light-Switch Lumber Company,7003923806,"99 Lower River Drive Mount Vernon, NY 10550",CO,www.TheFatLight-SwitchLumberCompany.info
ATeybFIuTQ,Stupid Rabbit Lumber,2589423308,"7914 Washington Dr. Harrison Township, MI 48045",US,www.StupidRabbitLumber.com
Op8rarVKxa,The Tiger Lumber Company,1891253286,"18 Sheffield Ave. Butte, MT 59701",MQ,www.TheTigerLumberCompany.net
5SKHZGJsjV,Transparent Cherry Lumber,4623416776,"1 Redwood Rd. Roanoke, VA 24012",ZW,www.TransparentCherryLumber.org
x7FolH1EsA,Stormy Snake Lumber,3012684277,"554 Fairfield St. Torrington, CT 06790",GS,www.StormySnakeLumber.net
FE34LTqb2p,The Tiny Tomato Lumber Company,8743091544,"536 Pulaski Street Wakefield, MA 01880",SN,www.TheTinyTomatoLumberCompany.org
xJZiBD5DIo,The Tall Fork Lumber Company,2738728093,"7083 Green Court Pembroke Pines, FL 33028",JM,www.TheTallForkLumberCompany.net
0x1V8UVLqh,The Deep Lamp Lumber Company,7463153612,"72 Somerset Lane Ypsilanti, MI 48197",AQ,www.TheDeepLampLumberCompany.info
s56xoRSQrg,The Tiny Camel Lumber Company,1355079530,"600 Pennsylvania St. Deland, FL 32720",AZ,www.TheTinyCamelLumberCompany.biz
ZcXBxuYu7W,The Plain Beaver Metal Company,1437523438,"827 Dogwood Ave. Saginaw, MI 48601",ZW,www.ThePlainBeaverMetalCompany.org
cUrmX3GV4D,Thin Beaver Metal,7435961046,"9433 Hickory Street Tacoma, WA 98444",MQ,www.ThinBeaverMetal.info
45AVHG6SDL,Big Light-Switch Metal,2219847475,"9916 Bridgeton Ave. Austin, MN 55912",AQ,www.BigLight-SwitchMetal.org
7Hh3kV9mIX,Little Turtle Metal,1858449978,"7377 Orchard Dr. Perrysburg, OH 43551",FR,www.LittleTurtleMetal.org
4hGbj2aBVR,Red Baboon Metal,8433984003,"860 Glen Ridge Rd. Whitestone, NY 11357",BT,www.RedBaboonMetal.net
QGoBUjHkki,Thin Apple Metal,7492027753,"8414 Oxford Ave. Hixson, TN 37343",RE,www.ThinAppleMetal.com
WY3AmkQmxs,The Mouse Metal Company,8468272349,"166 South Glenlake Dr. Garner, NC 27529",MQ,www.TheMouseMetalCompany.com
4xp0ETTkc8,The White Skunk Metal Company,2695261566,"52 Deerfield Lane Woodhaven, NY 11421",DJ,www.TheWhiteSkunkMetalCompany.info
ZxsJeaFpg5,Plain Fan Metal,8256624098,"904 Creekside St. Pottstown, PA 19464",LC,www.PlainFanMetal.info
3LnmekGoPa,The Happy Chinchilla Metal Company,9115174479,"50 Catherine Lane Huntsville, AL 35803",ZM,www.TheHappyChinchillaMetalCompany.com
dWuUGFOe1b,Small Rabbit Logging,7247218336,"8908 Pilgrim Lane Oviedo, FL 32765",IQ,www.SmallRabbitLogging.com
9kQZDUILDP,The Red Fish Logging Company,1847809810,"95 Winchester Ave. Casselberry, FL 32707",LK,www.TheRedFishLoggingCompany.info
IBvWjkFney,The Brown Fan Logging Company,5911329769,"937 Cypress Street Butte, MT 59701",SX,www.TheBrownFanLoggingCompany.com
tRJBEnEFaO,The Cheerful Skunk Logging Company,9195602302,"8223 Marconi St. Dawsonville, GA 30534",DO,www.TheCheerfulSkunkLoggingCompany.net
9Hzdyajzdu,Thin Fan Logging,9578045441,"8 Hillcrest St. Buford, GA 30518",LU,www.ThinFanLogging.info
0OaJOGFGdD,The Cloudy Chicken Fabrics Company,8749357327,"8247 S. Hamilton Drive Cedar Rapids, IA 52402",TO,www.TheCloudyChickenFabricsCompany.info
wU1wdmKEca,The Orange Donkey Fabrics Company,4249980563,"30 Lawrence Street North Ridgeville, OH 44039",ER,www.TheOrangeDonkeyFabricsCompany.org
XIFO3VhtQH,Little Ram Fabrics,8744685507,"8124 North Belmont Dr. Kalamazoo, MI 49009",QA,www.LittleRamFabrics.biz
EOnkzmV7ND,The Simple Robot Fabrics Company,3872132793,"8266 East Hillside Ave. Saint Louis, MO 63109",SG,www.TheSimpleRobotFabricsCompany.info
xUMVYgBI7J,The Angry Pen Fabrics Company,4937283463,"8942 Myrtle St. New Port Richey, FL 34653",GL,www.TheAngryPenFabricsCompany.net
06DeQdaf4X,The Snowy Pencil Leather Company,8039090134,"379 Virginia St. Niagara Falls, NY 14304",TR,www.TheSnowyPencilLeatherCompany.biz
xyEInQvE1U,The Cheeky Banana Leather Company,4204843909,"7583 N. Howard Road Butte, MT 59701",VG,www.TheCheekyBananaLeatherCompany.net
UhCJbQG0jF,The Cold Pigeon Leather Company,8135651978,"8248 River Ave. Falls Church, VA 22041",CR,www.TheColdPigeonLeatherCompany.info
umALkT56Xy,The Thin Cat Leather Company,1046485315,"92 W. Princeton Rd. Long Beach, NY 11561",CF,www.TheThinCatLeatherCompany.org
xSCCF3BYWn,Fat Zebra Leather,7071474222,"9499 Manchester Rd. Fargo, ND 58102",AL,www.FatZebraLeather.org
VQtT65VuGn,Acute Banana Liquidators,7034816719,"488 Center Lane Saint Albans, NY 11412",GH,www.AcuteBananaLiquidators.org
FyAzhOpNly,The Sad Beaver Liquidators Company,8636586436,"8296 North Lane Shrewsbury, MA 01545",NU,www.TheSadBeaverLiquidatorsCompany.info
s9Fptw806W,The Intelligent Scarf Liquidators Company,6712497760,"347 Wakehurst Street Rahway, NJ 07065",CO,www.TheIntelligentScarfLiquidatorsCompany.info
EMLwuAKAEG,Blue Pear Liquidators,9921926501,"437 Elizabeth St. Apopka, FL 32703",YE,www.BluePearLiquidators.org
KQIGJ9eDk5,The Brown Elephant Liquidators Company,5501650439,"486 Sugar St. Park Forest, IL 60466",KE,www.TheBrownElephantLiquidatorsCompany.net
